Municipality,Latitude,Longitude
Furna,51.0709569,2.6548504704135794
Sâles,45.8742767,5.9598575
Erlinsbach,47.3968661,8.0133738
Schinznach-Dorf,47.4467994,8.1422836
Eschenbach (LU),47.1330227,8.317969
Ecublens (VD),46.5258,6.5621137
Hauterive (NE),47.0133299,6.972712
Vals,44.6553304,4.365739
Wil (AG),47.5609977,8.1519962
Brienz (BE),46.7560001,8.0303006
Veltheim (AG),47.437709,8.1461059
Oberdorf (BL),47.3938149,7.7515654
Altdorf (SH),47.7841983,8.6593175
Bibern (SH),47.7732327,8.6770024
Hauterive (FR),46.7566336,7.0947394
Thalheim (AG),47.4367098,8.0999521
La Punt-Chamues-ch,46.5788766,9.9260141
Stein (AG),47.5451212,7.9540042
Langnau bei Reiden,47.2318707,7.9620803
Vandoeuvres,46.2214083,6.2024623
Astano,51.1282205,71.4306682
Zürich,47.3744489,8.5410422
Neudorf,47.6054816,7.5696755
Oberwil (BL),47.5136942,7.5527853
Eichberg,46.1081377,11.3027058
Arbaz,57.6793484,48.3035946
Saas Almagell,46.0938913,7.9582333
Waldenburg,48.7503918,7.1965445
Obersaxen,46.723543500000005,9.069160133222404
Laufenburg,47.5671976,8.0599414
Marbach (SG),47.3919868,9.5686092
Neuheim,48.8677773,6.4346889
Castaneda,43.31749745,-3.9260653057337382
Wahlen,49.0266704,6.6252038
Matten bei Interlaken,46.6798821,7.8686253
Feldis/Veulden,46.7944571,9.4323005
Crans-près-Céligny,46.3579285,6.2058302
Bühl,48.7253,7.0853
Mon,50.4549568,3.951958
Fribourg,46.8055656,7.1612669
Dorf,46.4653657,12.7087174
Montet (Glâne),46.6438707,6.8140532
Pfeffikon,47.2493755,8.1773499
Niederwil (SO),47.251649,7.5715003
Sulz (AG),47.5347382,8.0961846
Hofen,48.9258996,7.9429127
Forel (FR),46.8759488,6.8883012
Blatten,46.4205806,7.8192935
Saint-Ursanne,47.3646034,7.1539488
Reichenburg,45.9964963,15.4779395
Luzern,47.0505452,8.3054682
Sulz (LU),47.2210995,8.2843731
Sent,48.5513314,-1.5845373
Erlen,48.8676496,6.3147292
Rekingen (AG),47.5707146,8.3204135
Safien,46.6818093,9.3160421
Belmont-sur-Lausanne,46.5200729,6.6800519
Reiden,49.778049,5.891050888560612
Romont (FR),46.6775844,6.9779194
Burg (AG),47.2352641,8.1786611
Bussigny-près-Lausanne,46.5512503,6.553745
Teuffenthal (BE),46.7689277,7.7106868
Hochwald,49.6238084,18.2218883
Mühledorf (BE),46.8288719,7.5385748
Muri (AG),47.2756613,8.3377829
Alvaneu,46.6787359,9.6470009
St. Antoni,41.3784116,2.1617677
Büron,43.0244821,-5.0514632
Rietheim,48.0391822,8.7806127
Epalinges,46.547327,6.6726245
Ettingen,49.0303712,7.1796783
Cham,45.9246705,6.8727506
Sattel,50.338304,16.3154831
Rothenburg,49.3771899,10.1788809
Guarda,41.9012451,-8.8742166
Stetten (AG),47.3994584,8.3074009
Saas Grund,46.1278436,7.9370051
Arzier,46.4599808,6.208069
Trüllikon,47.6377265,8.6934163
Clarmont,43.0447368,2.4224296
Coeuve,47.454155,7.0975919
St. Martin,48.5683066,6.7539988
Langwies,46.5124342,16.9303859
Adlikon,47.5825032,8.6912556
Noflen,46.8057959,7.545757
Münchwilen (TG),47.4777697,8.9976456
Môtiers (NE),46.9104514,6.6107557
Mézery-près-Donneloye,46.7484266,6.7262743
Ependes (FR),46.7542193,7.1458774
Bitsch,49.0508729,7.4254577
Teufenthal (AG),47.3300709,8.1152406
Hofstetten (ZH),47.4728326,8.8539141
Bellerive (VD),46.9237676,7.0231892
Röthenbach im Emmental,46.8536951,7.7435504
Rickenbach (LU),47.221267,8.1535369
Oltingen,47.4910127,7.3914151
Ecublens (FR),46.6107303,6.8089033
Genève,46.2017559,6.1466014
Saint-Sulpice (NE),46.909486,6.5639217
Sassel,46.2431297,6.3953618
Kestenholz,48.272548,7.4013652
Châbles,46.8266534,6.8097105
Luven,50.879202,4.7011675
Braunau,48.253136,13.039506
Lohn (GR),46.6513701,9.4273525
Saint-George,12.0535331,-61.751805
Saas Fee,46.107342,7.9247055
Bagnes,46.00998095,7.307005473382556
Le Pâquier (FR),46.5950644,7.0527454
Schwarzenberg,47.4137551,9.852372
Wil (ZH),47.6055207,8.5049057
Stalden (VS),46.2325963,7.8704203
Münchwilen (AG),47.5379513,7.9629997
Littau,49.7013305,17.0758784
Stampa,48.4344621,2.1614464
Busswil bei Büren,47.0993634,7.3221402
St. Moritz,46.4978958,9.8392428
Lü,29.1539219,105.3788947
Rüti (ZH),47.2579312,8.852696
Zurzach,47.5866477,8.2940658
Bürglen (TG),47.5498807,9.1529503
Morrens (VD),46.5904805,6.6267885
Oberburg,46.2960951,14.8057772
Opfertshofen (SH),47.7770473,8.661041
Fey,49.0305564,6.0996507
Oberriet (SG),47.320756,9.5675673
Bremgarten (AG),47.3539569,8.3376446
Aquila,42.3489203,13.3979672
Campello,38.427416,-0.3983685
Cugy (VD),46.5842947,6.6404485
Tumegl/Tomils,46.7620633,9.4423187
Aesch (BL),47.4682447,7.5980395
Bissone,45.9506538,8.9651807
Binningen,49.0369745,7.2516945
Mézières (FR),46.678377,6.9264097
Renens (VD),46.5349093,6.5928442
Wald (ZH),47.2741418,8.9132553
Mur (VD),46.9442044,7.0603683
Rohr (SO),47.4100369,7.9538271
Ringgenberg (BE),46.7044135,7.8960911
Sur,33.2721211,35.1964023
Gerra (Gambarogno),46.1221826,8.7837968
Pura,19.8076083,85.8252538
Agno,48.8172236,7.7885978
Schönenberg (ZH),47.1937464,8.6415425
Reinach (BL),47.4935369,7.5910891
Kerns,-16.9206657,145.7721854
Bözen,46.4984781,11.3547399
Gimel,45.2995221,1.8507685
Lengnau (AG),47.521079,8.3301378
Rossens (VD),46.7354686,6.921761
Trient,46.0664228,11.1257601
Pfeffingen,47.6608862,6.9348989
Schinznach-Bad,47.4515074,8.1676758
Jona,56.32891745,-6.408400818855068
Sommeri,49.6327669,1.440636
Arch,45.9181327,10.8860953
Saas Balen,46.1540205,7.9281921
Muggio,45.5931952,9.2271378
St. Antönien,46.969739,9.813468
Beinwil (Freiamt),47.2302283,8.3422897
Grône,45.727504,9.9112023
Cama,30.915948,66.4631051
Birmenstorf (AG),47.4611315,8.2493768
Zell (LU),47.1380513,7.9227913
Dompierre (FR),46.852082,6.9907202
Goldingen,56.9685757,21.960778
Varen,44.8310202,0.6761376
Roveredo (GR),46.2349007,9.1249754
Font,44.5830577,4.3486965
Mies,49.7556926,12.98820565209418
Ferden,52.9219073,9.2286737
Staufen,47.723257,6.9228236
Bleiken bei Oberdiessbach,46.8147336,7.6397756
Welschenrohr,47.2806485,7.5252234
Mase,46.7563889,-1.685
Rohrbach,49.0460974,7.2655417
Bôle,44.8528771,82.0504585
La Folliaz,46.7389221,6.9613203
Niederwil (AG),47.3763559,8.2947614
Höfen,48.9258996,7.9429127
L'Abergement,46.1502427,4.9202187
Hölstein,54.3303858,9.0247398
Reinach (AG),47.2539675,8.182824
Rickenbach (BL),47.4846172,7.8513361
Wangen (SZ),47.1923115,8.8953915
St. Stephan,46.508715,7.3961417
Röthenbach bei Herzogenbuchsee,47.2053791,7.6814195
Arni (AG),47.3191633,8.4200738
Lully (FR),46.8339813,6.8445369
Brügg,47.4824633,8.2085662
Birr,53.0965843,-7.9108738
Wohlen (AG),47.3504945,8.2786906
Lindau,47.550753,9.6926624
Buchs (LU),47.2011534,8.0339752
Holderbank (AG),47.4270885,8.1686653
Berlingen,48.8009528,7.2418378
Carouge (GE),46.1846691,6.1396839
Montmelon,47.3545309,7.1817468
Saint-Sulpice (VD),46.5100832,6.5580607
Risch,47.14226175,8.451007703122551
Leimbach (AG),47.2722755,8.1696176
Forst,51.7438586,14.6455395
Marbach (LU),46.8549426,7.9012014
Aeugst am Albis,47.2679489,8.4863301
Affoltern am Albis,47.2782467,8.4521518
Bonstetten,48.4393183,10.706508
Hausen am Albis,47.2438769,8.534235
Hedingen,47.2984412,8.4489755
Kappel am Albis,47.2288482,8.5251335
Knonau,47.2251463,8.4573072
Maschwanden,47.2349836,8.4266177
Mettmenstetten,47.243488,8.4636702
Obfelden,47.2617701,8.4197059
Ottenbach,48.7338225,9.7494317
Rifferswil,47.241563,8.4971398
Stallikon,47.3269232,8.4901051
Wettswil am Albis,47.3390834,8.4734523
Adlikon b. Andelfingen,47.5825032,8.6912556
Benken (ZH),47.6537872,8.6537634
Berg am Irchel,47.5679698,8.5959486
Buch am Irchel,47.5489807,8.6199637
Dachsen,47.6661896,8.6150532
Sauris,46.4653657,12.7087174
Feuerthalen,47.6914771,8.64598
Flaach,47.5754461,8.6060755
Flurlingen,47.6860764,8.6272354
Andelfingen,48.153565,9.411618258463434
Henggart,47.5632291,8.6835729
Humlikon,47.5762347,8.6695684
Kleinandelfingen,47.5998043,8.6860581
Laufen-Uhwiesen,47.6741137,8.6143402
Marthalen,47.6257747,8.6501583
Oberstammheim,47.6317749,8.7986032
Ossingen,47.6128544,8.7283378
Rheinau,48.6610699,7.9383334
Thalheim an der Thur,47.5786159,8.7538871
Trullikon,47.6377265,8.6934163
Truttikon,47.6296056,8.7276879
Unterstammheim,47.638955,8.7907193
Volken,47.5746457,8.6251185
Waltalingen,47.6219604,8.7790569
Bachenbülach,47.5047036,8.5473259
Bassersdorf,47.4435706,8.6299131
Bülach,47.5172321,8.5407118
Dietlikon,47.4222808,8.6155979
Eglisau,47.5733207,8.5239827
Embrach,47.5056384,8.5941089
Freienstein-Teufen,47.54200715,8.585872029681127
Glattfelden,47.559752,8.5008282
Hochfelden,48.755472,7.562195025290636
Höri,47.5066543,8.5062644
Hüntwangen,47.5954244,8.4925331
Kloten,47.4525133,8.5861477
Lufingen,47.4899328,8.5943645
Nürensdorf,47.4492605,8.6470753
Oberembrach,47.4876358,8.618543
Opfikon,47.4322671,8.5779983
Rafz,47.6115934,8.5402669
Rorbas,47.5303235,8.5771089
Wallisellen,47.4166195,8.5919985
Wasterkingen,47.590058,8.4707137
Winkel,47.4608658,7.2644495
Bachs,47.5253778,8.4397426
Boppelsen,47.4708527,8.4026165
Buchs (ZH),47.458087,8.4378662
Dällikon,47.4399418,8.4388272
Dänikon,47.445933,8.4057151
Dielsdorf,47.4810371,8.4543245
Hüttikon,47.4449831,8.3867932
Neerach,47.5112292,8.4716
Niederglatt,47.4918429,8.5030113
Niederhasli,47.4812949,8.4858049
Niederweningen,47.5076024,8.380001
Oberglatt,47.4768036,8.5203554
Oberweningen,47.501261,8.4056983
Otelfingen,47.460873,8.3892173
Regensberg,47.4827643,8.4374038
Regensdorf,47.4317645,8.4680435
Rümlang,47.4507163,8.5299122
Schleinikon,47.4971908,8.3971872
Schöfflisdorf,47.4998561,8.4162027
Stadel,47.5280984,8.467585
Steinmaur,47.4989995,8.4555136
Weiach,47.5565844,8.4375683
Bäretswil,47.3360247,8.8580536
Bubikon,47.2682923,8.8191613
Dürnten,47.2778545,8.842203
Fischenthal,47.3333136,8.9225988
Gossau (ZH),47.3058847,8.7602403
Grüningen,47.2819396,8.7613283
Hinwil,47.3015316,8.8419423
Rüti ZH,47.2579312,8.852696
Seegräben,47.3421419,8.7709578
Wald,47.2741418,8.9132553
Wetzikon (ZH),47.3226925,8.7980939
Adliswil,47.3117624,8.52491
Hirzel,47.2159036,8.6101778
Horgen,47.260692,8.5976831
Hütten,50.0130142,6.2571304
Kilchberg (ZH),47.3225316,8.5459483
Langnau am Albis,47.2876627,8.5372813
Oberrieden,48.0884013,10.4273041
Richterswil,47.2091079,8.7017051
Rüschlikon,47.307465,8.5546421
Schönenberg,47.1937464,8.6415425
Thalwil,47.2944325,8.5635762
Wädenswil,47.2278988,8.6701365
Erlenbach (ZH),47.3037537,8.5920709
Herrliberg,47.2905574,8.6124721
Hombrechtikon,47.2523354,8.7680277
Küsnacht (ZH),47.3176276,8.5830859
Männedorf,47.253174,8.6918153
Meilen,47.270428,8.6412249
Oetwil am See,47.2703459,8.721657
Stäfa,47.2413349,8.7348747
Uetikon am See,47.269368,8.68316
Zumikon,47.3324061,8.6238228
Zollikon,47.3379535,8.5755735
Bauma,47.3677633,8.8792873
Fehraltorf,47.3873705,8.7520123
Hittnau,47.3682799,8.8233708
Illnau-Effretikon,47.43142195,8.715716576799185
Kyburg,47.4570858,8.744344
Lindau (Bodensee),47.550753,9.6926624
Pfäffikon,47.365582,8.7819841
Russikon,47.394837,8.776585
Sternenberg,47.6964481,7.0936768
Weisslingen,47.4318502,8.7640975
Wila,47.4199851,8.845368
Wildberg,53.6530029,13.1232854
Dübendorf,47.3968244,8.6183023
Egg,47.4314481,9.8973803
Fällanden,47.3713238,8.6388635
Greifensee,47.3662476,8.6786693
Maur,47.3402856,8.6692369
Mönchaltorf,47.31279,8.7222749
Schwerzenbach,47.3815017,8.6523009
Uster,47.3512065,8.7179221
Volketswil,47.3898617,8.690503
Wangen-Brüttisellen,47.41311565,8.649020390350707
Altikon,47.5733928,8.7808347
Bertschikon,47.5262826,8.8138602
Brütten,47.4731491,8.6753241
Dägerlen,47.5605504,8.7217683
Dättlikon,47.5256653,8.6224807
Dinhard,47.5551982,8.7681536
Elgg,47.4902329,8.8669115
Ellikon an der Thur,47.5633514,8.8242689
Elsau,47.5048298,8.8016078
Hagenbuch,47.5205054,8.8882927
Hettlingen,47.5467745,8.7095144
Hofstetten,47.4728326,8.8539141
Neftenbach,47.528176,8.6680365
Pfungen,47.5161123,8.6454232
Rickenbach (ZH),47.5523398,8.7962716
Schlatt (ZH),47.4791041,8.8207099
Seuzach,47.534596,8.7338342
Turbenthal,47.4368146,8.848521
Wiesendangen,47.5213051,8.7889904
Winterthur,47.4991723,8.7291498
Zell (ZH),47.448026,8.8227739
Aesch (ZH),47.3373127,8.4398911
Birmensdorf (ZH),47.3538481,8.4382157
Dietikon,47.4068827,8.4020894
Geroldswil,47.4224047,8.4117744
Oberengstringen,47.409141,8.4626927
Oetwil an der Limmat,47.4278248,8.3964479
Schlieren,47.3965147,8.4444861
Uitikon,47.3705756,8.4530961
Unterengstringen,47.4130929,8.4490943
Urdorf,47.384708,8.4259004
Weiningen (ZH),47.4199708,8.4366271
Zurich,47.3744489,8.5410422
Aarberg,47.0443346,7.2753004
Bargen (BE),47.0376374,7.2641407
Grossaffoltern,47.0667831,7.3608919
Kallnach,47.0205806,7.2363159
Kappelen,47.617974,7.4384263
Lyss,47.0721368,7.305262
Meikirch,47.0088655,7.3634614
Radelfingen,47.0219382,7.2730856
Rapperswil (BE),47.0628191,7.4103359
Schüpfen,47.0394266,7.3778982
Seedorf (BE),47.0349831,7.3116209
Aarwangen,47.239082,7.7701468
Auswil,47.132304,7.83405
Bannwil,47.2384563,7.7365599
Bleienbach,47.1856551,7.7561202
Busswil bei Melchnau,47.1876177,7.830830359350621
Gondiswil,47.144579,7.8718925
Gutenburg,47.1826468,7.7949969
Kleindietwil,47.144535,7.7899976
Langenthal,49.8309059,7.5737063
Leimiswil,47.1500504,7.7638263
Lotzwil,47.1903503,7.7896055
Madiswil,47.1648367,7.7968153
Melchnau,47.1824376,7.8518093
Obersteckholz,47.1988034,7.8167121
Oeschenbach,47.1150262,7.7527439
Reisiswil,47.1643499,7.8452952
Roggwil (BE),47.241147,7.8230774
Rohrbach-lès-Bitche,49.0460974,7.2655417
Rohrbachgraben,47.1183746,7.7983862
Rütschelen,47.1732212,7.7738699
Schwarzhäusern,47.2524066,7.7669632
Thunstetten,47.2023549,7.7582873
Untersteckholz,47.206244,7.843896
Ursenbach,47.1369017,7.7711734
Wynau,47.2585983,7.8127574
Bern,46.9484742,7.4521749
Bolligen,46.9755611,7.4983298
Bremgarten bei Bern,46.9767749,7.4374969
Kirchlindach,46.9997073,7.4142199
Köniz,46.9222385,7.4130582
Muri bei Bern,46.9290477,7.4870909
Oberbalm,46.8730782,7.4026366
Stettlen,46.9583564,7.5251524
Vechigen,46.94941,7.562916
Wohlen bei Bern,46.9708428,7.35592
Zollikofen,46.9959463,7.4576417
Ittigen,46.9790726,7.4815213
Ostermundigen,46.9582779,7.4911242
Biel/Bienne,47.1402077,7.2439029
Evilard,47.1494705,7.2395711
Arco,45.9181327,10.8860953
Büetigen,47.1055937,7.3410348
Büren an der Aare,47.1390542,7.3740171
Busswil,47.0993634,7.3221402
Diessbach bei Büren,47.1080046,7.3635007
Dotzigen,47.1197383,7.341198
Lengnau (BE),47.1820974,7.3661348
Leuzigen,47.1746607,7.4585386
Meienried,47.1400764,7.3379717
Meinisberg,47.1593731,7.3463905
Oberwil bei Büren,47.1301054,7.4065122
Pieterlen,47.1750219,7.3361682
Rüti bei Büren,47.1512217,7.4064259
Wengi,47.0837858,7.4000603
Aefligen,47.0946807,7.5572205
Alchenstorf,47.1242996,7.6388514
Bäriswil,47.0186014,7.52538
Burgdorf,47.0571316,7.6237466
Ersigen,47.0945001,7.5962823
Hasle bei Burgdorf,47.003260999999995,7.645102512286231
Heimiswil,47.0625989,7.6572587
Hellsau,47.1462586,7.6487623
Hindelbank,47.0418711,7.5383058
Höchstetten,47.1431552,7.6322713
Kernenried,47.0717509,7.5487983
Kirchberg (BE),47.0851733,7.5815131
Koppigen,47.1318304,7.601523
Krauchthal,47.0080399,7.5669873
Lyssach,47.0650881,7.5819291
Mötschwil,47.0495151,7.5686179
Niederösch,47.1175333,7.6141807
Gornji Grad,46.2960951,14.8057772
Oberösch,47.1078843,7.6103641
Rüdtligen-Alchenflüh,47.0844316,7.569656974756184
Rumendingen,47.1055366,7.6430358
Rüti bei Lyssach,47.0555395,7.5779172
Willadingen,47.1457379,7.6151653
Wynigen,47.1075375,7.6685431
Corgémont,47.1947486,7.1447816
Cormoret,47.1720786,7.0529541
Cortébert,47.1903025,7.107598
Courtelary,47.1785533,7.0703235
La Ferrière,45.280845,6.085802096183492
La Heutte,47.1906648,7.2255703
Mont-Tramelan,47.2067202,7.0523346
Orvin,47.1606885,7.212695
Péry,47.1917831,7.2462466
Plagne,43.1571229,1.0602138
Renan (BE),47.1262327,6.9267658
Romont (BE),47.1887596,7.3410114
Saint-Imier,47.151775,6.9971967
Sonceboz-Sombeval,47.1967887,7.1705782
Sonvilier,47.1390852,6.9665391
Tramelan,47.223677,7.1030216
Vauffelin,47.1872992,7.2990426
Villeret,49.9530556,3.1938889
Brüttelen,47.0229548,7.148366
Erlach,47.0433028,7.0975115
Finsterhennen,47.0232169,7.1808763
Gals,47.0270607,7.0486252
Gampelen,47.0142261,7.0574393
Ins,47.0058984,7.1056472
Lüscherz,47.0459222,7.1511459
Müntschemier,46.9961633,7.1442384
Siselen,47.0325112,7.1882602
Treiten,47.0088429,7.1623892
Tschugg,47.0263361,7.0764462
Vinelz,47.0328313,7.1104574
Ballmoos,47.0405733,7.4727205
Bangerten,47.0557511,7.4488838
Bätterkinden,47.1317799,7.5398908
Büren zum Hof,47.0955021,7.515298
Deisswil bei Münchenbuchsee,47.0347956,7.4564291
Diemerswil,47.019483,7.4282218
Etzelkofen,47.0850392,7.4785267
Fraubrunnen,47.0861903,7.5253953
Grafenried,47.0800768,7.5098526
Jegenstorf,47.0498143,7.5085719
Iffwil,47.064842,7.4782737
Limpach,47.1087989,7.4945374
Mattstetten,47.030126,7.5138515
Moosseedorf,47.0163655,7.4839011
Mülchi,47.100709,7.476074
Münchenbuchsee,47.0213315,7.4519196
Münchringen,47.0448525,7.5207405
Ruppoldsried,47.0874834,7.4243087
Schalunen,47.1096589,7.5254945
Scheunen,47.0707668,7.4598426
Urtenen-Schönbühl,47.01952495,7.503365640336424
Utzenstorf,47.1293896,7.5577607
Wiggiswil,47.0303538,7.4686887
Wiler bei Utzenstorf,47.1512512,7.5583621
Zauggenried,47.0730906,7.5398876
Zielebach,47.158294,7.5771527
Zuzwil (BE),47.0514104,7.4715761
Adelboden,46.4927213,7.5587618
Aeschi bei Spiez,46.6583588,7.6965086
Frutigen,46.5874205,7.6444369
Kandergrund,46.5423002,7.6623658
Kandersteg,46.4975866,7.6756638
Krattigen,46.660973,7.7256121
Reichenbach im Kandertal,46.623593,7.6908247
Beatenberg,46.6932513,7.783279
Bönigen,46.6887343,7.8949281
Brienz,46.7560001,8.0303006
Brienzwiler,46.7501194,8.1021125
Därligen,46.6606497,7.8094165
Grindelwald,46.6242733,8.0367462
Gsteigwiler,46.6536378,7.874646
Gündlischwand,46.6330093,7.9069325
Habkern,46.7276046,7.8646663
Hofstetten bei Brienz,46.764892,8.079474094291776
Interlaken,46.6855231,7.8585139
Iseltwald,46.7104598,7.9634571
Lauterbrunnen,46.5939043,7.9078016
Leissigen,46.6540687,7.7738604
Lütschental,46.7733045,7.6968402
Matten,46.6798821,7.8686253
Niederried bei Interlaken,46.72392095,7.925977656926486
Oberried am Brienzersee,46.737475,7.9619532
Ringgenberg,46.7044135,7.8960911
Saxeten,46.6370243,7.8327586
Schwanden bei Brienz,46.7696073,8.054822686813012
Unterseen,46.6871654,7.8496369
Wilderswil,46.6633947,7.8629948
Aeschlen,46.8365201,7.6426754
Arni (BE),46.9341523,7.6635717396387
Biglen,46.9263129,7.6278668
Bleiken,46.8147336,7.6397756
Bowil,46.8930567,7.6949602
Brenzikofen,46.815044,7.616377
Freimettigen,46.8677101,7.6277729
Grosshöchstetten,46.9079431,7.6385085
Häutligen,46.8572147,7.6055227
Herbligen,46.8274681,7.6081438
Kiesen,46.8195399,7.5848154
Konolfingen,46.879415,7.6209846
Landiswil,46.9581663,7.6782496
Linden,50.6019526,7.8504832
Mirchel,46.8951988,7.6481259
Münsingen,46.8739775,7.5631943
Niederhünigen,46.8772662,7.6387344
Oberdiessbach,46.8399962,7.6192848
Oberthal,46.9165462,7.6740252
Oppligen,46.8199569,7.5955418
Rubigen,46.898862,7.5445171
Schlosswil,46.9084538,7.6074321
Tägertschi,46.8763081,7.5855767
Walkringen,46.9474375,7.6204553
Worb,46.9308618,7.5645522
Zäziwil,46.9010154,7.6611309
Oberhünigen,46.8796454,7.6630774
Allmendingen,48.3277262,9.7255469
Trimstein,46.9047324,7.5810475
Wichtrach,46.8457306,7.5783419
Clavaleyres,46.8995207,7.090773
Ferenbalm,46.9488327,7.2109008
Frauenkappelen,46.9534091,7.3356617
Golaten,46.9863452,7.2442159
Gurbrü,46.9649783,7.2164888
Kriechenwil,46.910791,7.222791
Laupen,46.9033021,7.239642
Mühleberg,46.9533705,7.2615937
Münchenwiler,46.9124813,7.1255085
Neuenegg,46.895472,7.3034416
Wileroltigen,46.9707682,7.2387144
Belprahon,47.2828128,7.4059657
Bévilard,47.2366248,7.2839509
Champoz,47.2553622,7.2991767
Châtelat,47.2722989,7.1944964
Corcelles (BE),47.2857616,7.4556693
Court,47.2398992,7.337079
Crémines,47.2833117,7.4414188
Eschert,47.2754884,7.3982726
Grandval,45.5981933,3.6455614
Loveresse,47.2424177,7.2356474
Malleray,47.2383,7.2719116
Monible,47.2771071,7.2005408
Moutier,47.2796142,7.3704192
Perrefitte,47.2753454,7.3428312
Pontenet,47.2415592,7.2546414
Reconvilier,47.2357712,7.2247648
Roches (BE),47.3019267,7.3820526
Saicourt,47.2436103,7.2072535
Saules (BE),47.2449404,7.218926
Schelten,47.331277,7.55302
Seehof,53.6918527,11.4321686
Sornetan,47.275123,7.2171688
Sorvilier,47.238703,7.3048075
Souboz,47.2746097,7.2438318
Tavannes,47.220131,7.1986691
Rebévelier,47.2913008,7.1918312
Diesse,47.1137482,7.1166912
Lamboing,47.1177147,7.1361859
La Neuveville,47.0637688,7.0927997
Nods,47.09033435,6.344889297536589
Prêles,47.0991704,7.1308569
Aegerten,47.1202408,7.2884966
Bellmund,47.1071376,7.2467743
Brugg,47.4824633,8.2085662
Buhl-Lorraine,48.7253,7.0853
Epsach,47.06903,7.2198025
Hagneck,47.0569331,7.1870499
Hermrigen,47.0818792,7.2429219
Jens,47.0989891,7.2636214
Ipsach,47.1118789,7.2329528
Ligerz,47.0844684,7.1358527
Merzligen,47.0886495,7.2494027
Mörigen,47.0846116,7.2137984
Nidau,47.1250287,7.241157
Orpund,47.13979,7.303145
Port,46.1635975,5.5710285
Safnern,47.1500659,7.322072
Scheuren,51.0435928,7.1685576
Schwadernau,47.1290187,7.3044152
Studen,50.906082,29.387548
Sutz-Lattrigen,47.098806,7.2149985
Täuffelen,47.0683128,7.1993363
Twann,47.093989,7.1548139
Walperswil,47.0597836,7.2268525
Worben,47.100636,7.29635
Därstetten,46.6589671,7.4929797
Diemtigen,46.6496866,7.5665715
Erlenbach im Simmental,46.6614834,7.5533928
Niederstocken,46.7072968,7.585908
Oberstocken,46.7177726,7.5539479
Oberwil im Simmental,46.6572051,7.4358295
Reutigen,46.6942728,7.623712
Spiez,46.6919473,7.6774655
Wimmis,46.6734323,7.6368102
Gadmen,46.7035838,8.380126149609252
Guttannen,46.655228,8.2904509
Hasliberg,46.7379056,8.2052569
Innertkirchen,46.686639,8.237649291825363
Meiringen,46.7285518,8.1870934
Schattenhalb,46.71741,8.1921668
Boltigen,46.6295364,7.3907814
Lenk,46.4558879,7.4416976
Sankt Stephan,46.508715,7.3961417
Zweisimmen,46.553261,7.3738058
Gsteig,46.3855821,7.2673253
Lauenen,46.4247066,7.3223985
Saanen,46.489756,7.2615837
Albligen,46.851398,7.318044
Guggisberg,46.7675178,7.3295779
Rüschegg,46.7712929,7.4036704
Wahlern,46.827063,7.3530695
Belp,46.88978,7.498388
Belpberg,46.865719,7.520565
Burgistein,46.7913175,7.500478
Gelterfingen,46.8416185,7.5168205
Gerzensee,46.8380937,7.5431319
Gurzelen,46.7793311,7.531651
Jaberg,46.8181812,7.569789
Kaufdorf,46.8379379,7.498229
Kehrsatz,46.9119427,7.4731844
Kienersrüti,46.797149,7.5610807
Kirchdorf (BE),46.8198653,7.5483898
Kirchenthurnen,46.8233157,7.5018898
Lohnstorf,46.8070709,7.5097537
Mühledorf,46.8288719,7.5385748
Mühlethurnen,46.8140615,7.5096282
Niedermuhlern,46.8622943,7.4643067
Noflen BE,46.8057959,7.545757
Riggisberg,46.8106696,7.4798275
Rüeggisberg,46.8214813,7.43971
Rümligen,46.8307674,7.4960993
Rüti bei Riggisberg,46.7827662,7.4505117
Seftigen,46.7887815,7.5396362
Toffen,46.859652,7.491931
Uttigen,46.7937156,7.579181
Wattenwil,46.7691764,7.5076613
Wald (BE),46.88018035,7.460580515250517
Eggiwil,46.8752245,7.7974921
Langnau im Emmental,46.9392339,7.7882673
Lauperswil,46.9644914,7.7418169
Rüderswil,46.9829468,7.7226944
Schangnau,46.8277309,7.8610673
Signau,46.9188975,7.7255918
Trub,46.9417628,7.878947
Trubschachen,46.9228891,7.8466832
Amsoldingen,46.7280729,7.5814651
Blumenstein,46.7412152,7.5208259
Buchholterberg,46.819366650000006,7.685568582402096
Eriz,46.78758,7.798843
Fahrni,46.794007,7.655909
Forst (Lausitz) - Baršć,51.7438586,14.6455395
Heiligenschwendi,46.750388,7.68459
Heimberg,46.7871081,7.605935
Hilterfingen,46.7357185,7.6591147
Hoffen,48.9258996,7.9429127
Homberg,50.6407001,8.1058112
Horrenbach-Buchen,46.774834,7.776072
Längenbühl,46.7576304,7.5391144
Oberhofen am Thunersee,46.7313738,7.6687101
Oberlangenegg,46.799803,7.734264
Pohlern,46.724441,7.5379448
Schwendibach,46.769152,7.658443
Sigriswil,46.7164293,7.7160699
Steffisburg,46.7774738,7.6354195
Teuffenthal,46.7689277,7.7106868
Thierachern,46.7542844,7.5750016
Thun,46.7582827,7.628086
Uebeschi,46.7388386,7.5542435
Uetendorf,46.774144,7.569395
Unterlangenegg,46.7968658,7.699143
Wachseldorn,46.8184797,7.7241386
Zwieselberg,46.70914,7.6167522
Affoltern im Emmental,47.0653533,7.7341485
Dürrenroth,47.0902206,7.7895896
Eriswil,47.0776383,7.8501785
Huttwil,47.1147419,7.8455436
Lützelflüh,47.0093461,7.6886004
Rüegsau,47.0252174,7.6726703
Sumiswald,47.0285646,7.7449828
Trachselwald,47.0167827,7.7386149
Walterswil (BE),47.105360399999995,7.773403120847679
Wyssachen,47.0833722,7.8241528
Attiswil,47.2492334,7.6133081
Berken,51.1634458,7.4697744
Bettenhausen,48.3744049,8.5405181
Bollodingen,47.1678108,7.7098894
Farnern,47.2674009,7.6229041
Graben,48.1890811,10.8220308
Heimenhausen,47.2082933,7.6987725
Hermiswil,47.1530963,7.6988492
Herzogenbuchsee,47.1881314,7.7057052
Inkwil,47.2009518,7.6720934
Niederbipp,47.2684936,7.6933343
Niederönz,47.1847203,7.6918687
Oberbipp,47.2613485,7.6610534
Oberönz,47.1798768,7.6944946
Ochlenberg,47.1501818,7.7357217
Rumisberg,47.263451,7.6412018
Seeberg,47.154563,7.6625354
Thörigen,47.1733314,7.7287365
Walliswil bei Niederbipp,47.2356714,7.6917868
Walliswil bei Wangen,47.2311037,7.6851028
Wangen an der Aare,47.2353036,7.65517
Wangenried,47.2169587,7.6586062
Wanzwil,47.2002225,7.6931833
Wiedlisbach,47.2524377,7.6471049
Wolfisberg,47.2729722,7.6612053
Doppleschwand,47.0180974,8.0553111
Entlebuch,46.9922358,8.0645622
Escholzmatt,46.9140785,7.9348793
Flühli,46.8840067,8.01564
Hasle (LU),46.9796105,8.0526728
Marbach LU,46.8549426,7.9012014
Romoos,47.0115225,8.0282996
Schüpfheim,46.9517174,8.017953
Werthenstein,47.0553684,8.1018157
Aesch (LU),47.2570523,8.2406691
Altwis,47.238495,8.251632
Ballwil,47.1521716,8.3185717
Emmen,52.75286615,6.952513466208563
Ermensee,47.2282246,8.2409195
Eschenbach,47.1330227,8.317969
Gelfingen,47.2144081,8.2661787
Hämikon,47.2378588,8.2764763
Hitzkirch,47.2250438,8.2632119
Hochdorf,48.6942941,9.4687074
Hohenrain,47.1797457,8.3156425
Inwil,47.1220031,8.3508443
Lieli,47.2079198,8.2992079
Mosen,47.2438703,8.2263631
Müswangen,47.2382767,8.2889322
Rain,48.6901192,10.9153669
Retschwil,47.196079,8.244158
Römerswil,47.168923,8.2441972
Rothenburg ob der Tauber,49.3771899,10.1788809
Schongau,47.8134583,10.8967857
Adligenswil,47.070535,8.368244
Buchrain,47.0941034,8.3472568
Dierikon,47.0969574,8.3692841
Ebikon,47.0812067,8.338521
Gisikon,47.1262971,8.4006518
Greppen,47.054825,8.4306044
Honau,47.1307597,8.4065981
Horw,47.0185008,8.3107797
Kriens,47.034146,8.2807994
Litovel,49.7013305,17.0758784
Lucerne,47.0505452,8.3054682
Malters,47.0383996,8.1830555
Meggen,47.0470746,8.3733992
Meierskappel,47.1239632,8.4435423
Root,47.1153443,8.3911091
Gemeinde Schwarzenberg,47.4137551,9.852372
Udligenswil,47.091036,8.399689
Vitznau,47.0091184,8.4846569
Weggis,47.0322545,8.4346408
Beromünster,47.2076373,8.1924386
Burón,43.0244821,-5.0514632
Buttisholz,47.1139601,8.0935047
Eich,49.7492025,8.4022436
Geuensee,47.2002101,8.1095256
Grosswangen,47.1322635,8.0491183
Gunzwil,47.2116702,8.1800549
Hildisrieden,47.1513607,8.2266792
Knutwil,47.199397,8.070364
Mauensee,47.1684849,8.0670726
Village-Neuf,47.6054816,7.5696755
Neuenkirch,47.1002397,8.2029897
Nottwil,47.1378546,8.1318599
Oberkirch,48.5307122,8.0783998
Pfeffikon LU,47.2493755,8.1773499
Rickenbach,47.221267,8.1535369
Ruswil,47.0839416,8.126227
Schenkon,47.177492,8.134902
Schlierbach,47.6828235,7.4057346
Sempach,47.1353737,8.1920262
Sursee,47.1740371,8.1089654
Triengen,47.2351967,8.0767478
Winikon,47.2360925,8.0511128
Wolhusen,47.0580138,8.0725617
Alberswil,47.1506183,8.0013407
Altbüron,47.1816,7.88263
Altishofen,47.200914,7.961177
Buchs LU,47.2011534,8.0339752
Dagmersellen,47.2135668,7.9901132
Ebersecken,47.1829614,7.9316101
Egolzwil,47.1859718,8.0056254
Ettiswil,47.1483925,8.0150668
Fischbach,49.7462374,6.1866614
Grossdietwil,47.170687,7.887705
Hergiswil bei Willisau,47.0844337,7.9575516
Kottwil,47.162331,8.0449827
Langnau b. Reiden,47.2318707,7.9620803
Luthern,47.0589604,7.9169068
Menznau,47.0838106,8.040131
Nebikon,47.18965,7.973802
Ohmstal,47.164099,7.952664
Pfaffnau,47.2273716,7.8984229
Redange-sur-Attert,49.778049,5.891050888560612
Richenthal,47.2138787,7.9398223
Roggliswil,47.2111654,7.8827159
Schötz,47.1698443,7.9884821
Uffikon,47.2121434,8.0187638
Ufhusen,47.1166353,7.8955614
Wauwil,47.184353,8.026173
Wikon,47.2628109,7.9675995
Zell,47.1380513,7.9227913
Altdorf (UR),46.8820732,8.6413922
Andermatt,46.6340499,8.5948148
Attinghausen,46.8617183,8.6288119
Bauen,46.9353199,8.579653
Bürglen (UR),46.8750762,8.6633076
Erstfeld,46.8215088,8.6499636
Flüelen,46.9027239,8.6253481
Göschenen,46.6676488,8.588703
Gurtnellen,46.7376202,8.6281646
Hospental,46.6189452,8.5685985
Isenthal,46.9102462,8.562013
Realp,46.5988457,8.5020509
Schattdorf,46.8636973,8.6509309
Seedorf (UR),46.8821613,8.6115834
Seelisberg,46.977964,8.5858121
Silenen,46.7921373,8.6695021
Sisikon,46.949336,8.6211018
Spiringen,46.8727208,8.7276236
Unterschächen,46.8631124,8.7703521
Wassen,46.7068488,8.5995804
Einsiedeln,47.1286095,8.7500299
Gersau,46.9923,8.5264727
Feusisberg,47.1867433,8.7486302
Freienbach,47.204411,8.7598816
Wollerau,47.1957261,8.7194595
Küssnacht (SZ),47.08385,8.4386308
Altendorf,49.7988053,11.0093027
Galgenen,47.1815904,8.8742411
Innerthal,47.1055139,8.9183482
Lachen,47.9455572,10.2388429
Brestanica,45.9964963,15.4779395
Schübelbach,47.1726731,8.9287461
Tuggen,47.2022792,8.9424794
Vorderthal,47.1220234,8.9008631
Wangen,47.1923115,8.8953915
Alpthal,47.0734939,8.7138911
Arth,47.0644551,8.5238673
Illgau,46.9889935,8.7259577
Ingenbohl,47.0007581,8.6150227
Lauerz,47.0314122,8.5856436
Morschach,46.9821204,8.6191516
Muotathal,46.974668,8.7658029
Oberiberg,47.0391767,8.7834161
Riemenstalden,46.9470789,8.6649487
Rothenthurm,47.1047258,8.6748441
Sedloňov,50.338304,16.3154831
Schwyz,47.0211848,8.6535598
Steinen,50.5739599,7.8104924
Steinerberg,48.4571956,13.9437773
Unteriberg,47.0598018,8.8035271
Alpnach,46.9411661,8.2736829
Engelberg,46.8223497,8.4043996
Giswil,46.838175,8.1880027
Cairns,-16.9206657,145.7721854
Lungern,46.7857297,8.1607283
Sachseln,46.8688851,8.2392021
Sarnen,46.8956729,8.2461492
Beckenried,46.9664078,8.4744947
Buochs,46.9739978,8.4205883
Dallenwil,46.933072,8.3911486
Emmetten,46.9565663,8.5128414
Ennetbürgen,46.9851867,8.4128263
Ennetmoos,46.9569495,8.3374027
Hergiswil (NW),46.9840938,8.3104542
Oberdorf (NW),46.9575638,8.3855966
Stans,46.9570611,8.3661026
Stansstad,46.979741,8.3373667
Wolfenschiessen,46.9080603,8.3954757
Betschwanden,46.9464235,9.0274873
Bilten,47.1500911,9.0221711
Braunwald,46.9392639,8.9984978
Elm,52.6412325,0.1717955
Engi,46.9827634,9.1523442
Ennenda,47.033828,9.0779218
Filzbach,47.1204474,9.1296451
Glarus,47.0422116,9.0674041
Haslen,46.9802613,9.0562007
Leuggelbach,46.9773749,9.0458271
Linthal,47.9480886,7.1287943
Luchsingen,46.9666929,9.0370301
Matt,46.9597027,9.1710353
Mitlödi,47.0114661,9.079913
Mollis,47.0933604,9.0744112
Mühlehorn,47.1169267,9.1731832
Näfels,47.0997753,9.0630051
Netstal,47.0611321,9.0529651
Nidfurn,46.9863273,9.0544126
Niederurnen,47.1256182,9.0535784
Oberurnen,47.1152482,9.0596848
Obstalden,47.1171128,9.1504524
Riedern,47.0499479,9.0515165
Schwändi,47.0054639,9.0671059
Sool,47.000259,9.0855088
Baar,50.35440955,7.0524441530485245
Chamonix-Mont-Blanc,45.9246705,6.8727506
Hünenberg,47.1751834,8.4259648
Menzingen,47.178291,8.5899339
Laneuveville-en-Saulnois,48.8677773,6.4346889
Oberägeri,47.1347395,8.6132732
Risch-Rotkreuz,47.14226175,8.451007703122551
Steinhausen,47.1975084,8.4860144
Unterägeri,47.1374124,8.584483
Walchwil,47.1005277,8.5147778
Zug,47.1679898,8.5173652
Autavaux,46.8650655,6.8776916
Bollion,46.816678,6.8261808
Bussy (FR),46.8353706,6.8879852
Châbles FR,46.8266534,6.8097105
Châtillon (FR),46.8328121,6.8289185
Cheiry,46.750588,6.8361997
Cheyres,46.8149828,6.7873331
Cugy (FR),46.815539,6.8910259
Domdidier,46.8672174,7.0133263
Dompierre,46.852082,6.9907202
Estavayer-le-Lac,46.8496406,6.8477378
Fétigny,46.4402783,5.596741816814628
Fons,44.5830577,4.3486965
Forel FR,46.8759488,6.8883012
Gletterens,46.8953435,6.9375533
Léchelles,46.82851,7.0145224
Lully,46.8339813,6.8445369
Ménières,46.7830908,6.8808343
Montagny (FR),46.8046623,6.986444382978725
Montbrelloz,46.8538829,6.8858302
Morens (FR),46.8438199,6.9070286
Murist,46.7906425,6.8072023
Nuvilly,46.7830428,6.830987
Prévondavaux,46.7277349,6.7935514
Rueyres-les-Prés,46.8593178,6.9163554
Russy,49.3329383,-0.8198905
Saint-Aubin (FR),46.8900349,6.9802104
Seiry,46.812692,6.8302953
Sévaz,46.8382703,6.8746273
Surpierre,46.7445749,6.8607883
Vallon,46.882477,6.951657
Villeneuve (FR),46.7482194,6.8707467
Vuissens,46.7376732,6.7654076
Les Montets,46.81029245,6.849962243800802
Delley-Portalban,46.9259498,6.940645424094396
Auboranges,46.582484,6.805051
Billens-Hennens,46.68703185,6.891155069229817
Chapelle (Glâne),46.5859079,6.8365374
Le Châtelard,45.6870047,6.1354066
Châtonnaye,46.752828,6.938321
Ecublens FR,46.6107303,6.8089033
Esmonts,46.6396573,6.8520518
Grangettes,46.6783349,6.9620824
Massonnens,46.6991888,6.975348
Mézières FR,46.678377,6.9264097
Montet,46.6438707,6.8140532
Le Châtelard-près-Romont,46.6775844,6.9779194
Rue,50.272874,1.6673051
Siviriez,46.6576782,6.8769946
Ursy,46.6350125,6.8359644
Vuarmarens,46.6448154,6.8271093
Vuisternens-devant-Romont,46.653069,6.92926
Villorsonnens,46.70734955,6.996098875719865
Torny,46.770835,6.9653043
Villarimboud,46.7389221,6.9613203
Haut-Intyamon,46.5210722,7.0602291
Pont-en-Ogoz,46.6881639,7.076734627695863
Botterens,46.6179671,7.1123024
Broc,47.5797694,0.166577
Bulle,46.89399,6.2233766
Cerniat (FR),46.6340323,7.158908
Charmey,46.596174899999994,7.17930555186935
Châtel-sur-Montsalvens,46.6139677,7.1290698
Corbières,43.0547547,1.9970557
Crésuz,46.6199886,7.140824
Echarlens,46.6475294,7.080368826694413
Grandvillard,46.5392932,7.0849664
Gruyères,49.7106979,4.6041316
Hauteville,50.2736375,2.573024
Jaun,46.6113953,7.2761312
Marsens,46.6556713,7.0640919
Morlon,46.6258516,7.0853862
Le Pâquier,46.5950644,7.0527454
Pont-la-Ville,48.0826462,4.8909726
Riaz,46.640249,7.0616291
La Roche,46.6966582,7.1393476
Sales,45.8742767,5.9598575
Sorens,46.6701619,7.0612165
La Tour-de-Trême,46.6085534,7.0659142
Vaulruz,46.6207942,6.9882518
Villarbeney,46.6292847,7.1096124
Villarvolard,46.6455431,7.1085061
Vuadens,46.6174394,7.0233135
Bas-Intyamon,46.56277255,7.096653106496181
Arconciel,46.7459947,7.1227813
Autafond,46.8163989,7.0777243823604135
Autigny,49.795391,0.8592043
Avry,46.7877054,7.0708826
Belfaux,46.8308394,7.093193174038063
Chénens,46.7408796,7.0023814
Chésopelloz,46.8070066,7.0792605
Corminboeuf,46.8116318,7.1052486
Corpataux-Magnedens,46.7417673,7.090998460828294
Corserey,46.7731527,6.9922571
Cottens (FR),46.7521088,7.0326696
Ependes FR,46.7542193,7.1458774
Farvagny,46.7288848,7.06418601842616
Ferpicloz,46.7468308,7.1643978
Fribourg - Freiburg,46.8055656,7.1612669
Givisiez,46.8145053,7.1295693
Granges-Paccot,46.8239731,7.1441932
Grolley,46.8331166,7.0668617
Marly,50.3500747,3.5435909
Matran,46.7861706,7.0973405
Neyruz (FR),46.7651393,7.0647696
Noréaz,46.8021303,7.028259
Pierrafortscha,46.7869341,7.1855097
Ponthaux,46.8159375,7.0431899
Le Mouret,46.7487136,7.1718165
Prez-vers-Noréaz,46.7858567,7.0150524
Rossens (FR),46.724218750000006,7.0978742235181285
Le Glèbe,46.70775705,7.02265059628566
Senèdes,46.7424166,7.1420677
Treyvaux,46.7274425,7.1364409
Villars-sur-Glâne,46.791321,7.1161892
Villarsel-sur-Marly,46.7627211,7.1693822
Vuisternens-en-Ogoz,46.70394655,7.0579231969241665
La Brillaz,46.765379,7.016702
La Sonnaz,46.8349258,7.1192544
Agriswil,46.9538359,7.1972709
Barberêche,46.8568305,7.1590853
Büchslen,46.9445905,7.1797747
Courgevaux,46.9075278,7.1110471
Courlevon,46.8905097,7.1106549
Courtepin,46.8646535,7.125015421552648
Cressier (FR),46.8986683,7.1417574
Fräschels,46.9979736,7.2075009
Galmiz,46.9493808,7.1585965
Gempenach,46.9406361,7.1975457
Greng,46.9133548,7.090703
Gurmels,46.8928043,7.1757732
Jeuss,46.9032407,7.1656888
Kerzers,46.9761315,7.1972834
Kleinbösingen,46.8944182,7.2041572
Lurtigen,46.928574,7.1722603
Meyriez,46.9234895,7.1067844
Misery-Courtion,46.85848535,7.084375103316827
Muntelier,46.9386253,7.1305874
Murten,46.9288643,7.1163909
Ried bei Kerzers,46.9555986,7.1855758
Salvenach,46.911338,7.1506919
Ulmiz,46.9321113,7.2006542
Villarepos,46.8835427,7.0728967
Bas-Vully,46.96318075000001,7.105088627343173
Haut-Vully,46.9523367,7.075442816257885
Wallenried,46.874316,7.114669
Alterswil,46.795236,7.2604024
Brünisried,46.7601579,7.2780335
Düdingen,46.849747,7.1904436
Giffers,46.7615024,7.210014
Bösingen,48.2387297,8.5583786
Heitenried,46.8259771,7.3027277
Oberschrot,46.7442608,7.2833892
Plaffeien,46.741454,7.2865098
Plasselb,46.7354779,7.2516771
Rechthalten,46.7675326,7.2400909
Sant Antoni,41.3784116,2.1617677
St. Silvester,46.7410614,7.2193275
St. Ursen,46.7899498,7.2183078
Schmitten (FR),46.8560556,7.2474014
Tafers,46.8152805,7.2167886
Tentlingen,46.769765,7.1983411
Ueberstorf,46.8650568,7.3114056
Wünnewil-Flamatt,46.8747403,7.2761723
Zumholz,46.7543307,7.2914152
Attalens,46.5110996,6.8489696
Bossonnens,46.5217291,6.8495191
Châtel-Saint-Denis,46.5265288,6.8996536
Granges (Veveyse),46.5245766,6.829546
Remaufens,46.5276138,6.8796623
Saint-Martin (FR),46.5763293,6.8691224
Semsales,46.5740332,6.9291121
Le Flon,46.60382965,6.873231415834383
La Verrerie,46.5894327,6.9213069
Egerkingen,47.3225009,7.7947889
Härkingen,47.3069637,7.815973
Châtenois,48.272548,7.4013652
Neuendorf,50.283075,6.4598166
Niederbuchsiten,47.2977867,7.7713959
Oberbuchsiten,47.3117986,7.7652017
Oensingen,47.2874895,7.7110465
Wolfwil,47.26971,7.794652
Aedermannsdorf,47.3054512,7.6101111
Balsthal,47.3140365,7.6947764
Gänsbrunnen,47.2622928,7.4679582
Herbetswil,47.2962466,7.5935558
Holderbank (SO),47.3330162,7.7524655
Laupersdorf,47.3137417,7.6528853
Matzendorf,47.891716,16.214153
Mümliswil-Ramiswil,47.342768,7.7038598
Welschenrohr-Gänsbrunnen,47.2806485,7.5252234
Aetigkofen,47.1252482,7.4659137
Aetingen,47.1321072,7.5055769
Balm bei Messen,47.1041299,7.4314835
Biezwil,47.1142574,7.4171424
Brügglen,47.1427361,7.4956854
Brunnenthal,48.4691835,13.4599254
Gossliwil,47.1365598,7.4338793
Hessigkofen,47.1416185,7.4661542
Küttigkofen,47.150838,7.5156072
Kyburg-Buchegg,47.1420955,7.5094944
Lüsslingen,47.191419,7.501381
Lüterkofen-Ichertswil,47.1637839,7.506116985090555
Lüterswil-Gächliwil,47.1216153,7.440616705840494
Messen,47.0904081,7.4473453
Mühledorf (SO),47.135473,7.4766238
Nennigkofen,47.1864186,7.4942217
Oberramsern,47.1144433,7.4622321
Schnottwil,47.1097738,7.391221
Tscheppach,47.1469223,7.4797786
Unterramsern,47.1192146,7.4824314
Bättwil,47.4899611,7.5093058
Büren (SO),47.4494992,7.6712535
Dornach,47.4806097,7.6176609
Gempen,47.475167,7.6602844
Hukvaldy,49.6238084,18.2218883
Hofstetten-Flüh,47.4775013,7.504475
Metzerlen-Mariastein,47.4659714,7.4658445
Nuglar-St. Pantaleon,47.4601498,7.6910021
Rodersdorf,47.4806046,7.4566901
Seewen,47.4354627,7.6582649
Witterswil,47.4858554,7.5248795
Hauenstein-Ifenthal,47.375248,7.8596856
Kienberg,48.0358261,12.46226
Lostorf,47.3852202,7.9462061
Niedergösgen,47.3731476,7.9926844
Obergösgen,47.364104,7.951209
Rohr,47.4100369,7.9538271
Stüsslingen,47.3928859,7.9712891
Trimbach,48.9399791,8.0235967
Winznau,47.3657368,7.9306091
Wisen (SO),47.3923239,7.885972
Aeschi (SO),47.1804202,7.661874
Biberist,47.1810605,7.5626086
Bolken,47.1925815,7.66363
Deitingen,47.21431,7.619244
Derendingen,48.5018486,9.0498594
Etziken,47.1871991,7.6478981
Gerlafingen,47.169342,7.572082
Halten,46.8975676,8.2917942
Hersiwil,47.1659518,7.6351711
Horriwil,47.1821622,7.6223211
Hüniken,47.1848772,7.636925
Kriegstetten,47.175109,7.59906
Lohn-Ammannsegg,47.1710866,7.5267532
Luterbach,47.2145742,7.5839238
Obergerlafingen,47.1624248,7.5840222
Oekingen,47.1785081,7.6046781
Recherswil,47.16125,7.5942522
Steinhof,47.161244,7.68624
Subingen,47.1939523,7.6159259
Zuchwil,47.2037591,7.5594101
Balm bei Günsberg,47.252606,7.5579507
Bellach,47.2134073,7.4983313
Bettlach,47.509586,7.4153329
Feldbrunnen-St. Niklaus,47.2205376,7.555088
Flumenthal,47.2353768,7.5985965
Grenchen,47.1911495,7.3967199
Günsberg,47.2572657,7.5768712
Hubersdorf,47.244383,7.588875
Kammersrohr,47.256025,7.592052
Langendorf,53.1037393,11.248632
Lommiswil,47.228899049999995,7.467649600506032
Niederwil SO,47.251649,7.5715003
Oberdorf (SO),47.2298497,7.5027671
Riedholz,47.6423491,10.0358247
Rüttenen,47.2316224,7.5308446
Selzach,47.2055081,7.4549158
Boningen,47.306211,7.8551946
Däniken,47.3548647,7.9811789
Dulliken,47.3537179,7.9424681
Eppenberg-Wöschnau,47.3761902,8.0240413
Fulenbach,47.2737235,7.8309213
Gretzenbach,47.3551613,7.9998602
Gunzgen,47.3136554,7.8302701
Hägendorf,47.3331671,7.8365612
Kappel (SO),47.3229823,7.8495476
Olten,47.3496571,7.903787
Rickenbach (SO),47.3405337,7.8572469
Schönenwerd,47.3721555,8.0054417
Starrkirch-Wil,47.3465368,7.925075
Walterswil (SO),47.3245153,7.9654227
Wangen bei Olten,47.3417691,7.8708649
Solothurn,47.2081355,7.5384045
Bärschwil,47.3820245,7.4730851
Beinwil (SO),47.3608078,7.5792172
Breitenbach,48.3657983,7.2930383
Büsserach,47.3915791,7.5405238
Erschwil,47.3735387,7.5416625
Fehren,47.3967459,7.5790875
Grindel,47.3817049,7.5026184
Himmelried,47.4212297,7.5980409
Kleinlützel,47.4259552,7.4172702
Meltingen,47.3877576,7.5898528
Nunningen,47.3939723,7.6197691
Zullwil,47.3905084,7.6000186
Basel,47.5581077,7.5878261
Bettingen,49.9413268,6.3984866
Riehen,47.5816927,7.6479737
Aesch,47.4682447,7.5980395
Allschwil,47.5510799,7.5365611
Arlesheim,47.4931125,7.6202048
Biel-Benken,47.506771,7.520962
Bining,49.0369745,7.2516945
Birsfelden,47.5542152,7.6304739
Bottmingen,47.5234501,7.5748727
Etting,49.0303712,7.1796783
Münchenstein,47.5187909,7.6174515
Muttenz,47.525113,7.6477401
Oberwil,47.5136942,7.5527853
Phaffans,47.6608862,6.9348989
Schönenbuch,47.5372962,7.5019867
Therwil,47.4992969,7.5574673
Blauen,47.4489135,7.51876
Brislach,47.4181317,7.5433687
Burg im Leimental,47.4578932,7.4414641
Dittingen,47.4383276,7.4989147
Duggingen,47.4520839,7.606511
Grellingen,47.4411563,7.5876358
Laufen,47.9354122,12.930309
Liesberg,47.4038612,7.4314696
Nenzlingen,47.4477386,7.5621906
Roggenburg,48.2770928,10.2311561
Röschenz,47.4239414,7.4759958
Vahl-lès-Faulquemont,49.0266704,6.6252038
Zwingen,47.4377543,7.5280899
Arisdorf,47.5123916,7.7654983
Augst,47.5338077,7.7206018
Bubendorf,47.446684,7.73535
Frenkendorf,47.5028543,7.7138283
Füllinsdorf,47.5056654,7.7299597
Giebenach,47.523792,7.7453139
Hersberg,47.4924281,7.7827302
Lausen,47.4736459,7.7591139
Liestal,47.4839723,7.7347783
Lupsingen,47.4466659,7.6938955
Pratteln,47.5192013,7.6944741
Ramlinsburg,47.4499281,7.7649057
Seltisberg,47.4598282,7.7153815
Ziefen,47.4305811,7.7063432
Anwil,47.4526596,7.942189
Böckten,47.4634028,7.8387155
Buckten,47.4101163,7.8447464
Buus,47.5055264,7.8650401
Diepflingen,47.446478,7.8377491
Gelterkinden,47.4640069,7.8544495
Häfelfingen,47.4150352,7.8657357
Hemmiken,47.4880195,7.8913586
Itingen,47.4665362,7.7877841
Känerkinden,47.4119949,7.8363096
Kilchberg (BL),47.4263362,7.8984684
Läufelfingen,47.3958161,7.8546951
Maisprach,47.5244984,7.8427076
Nusshof,47.4918508,7.8047393
Oltingue,47.4910127,7.3914151
Ormalingen,47.4696552,7.8755353
Rickenbach BL,47.4846172,7.8513361
Rothenfluh,47.4608887,7.914597
Rümlingen,47.4244356,7.8497922
Rünenberg,47.432095,7.881264
Sissach,47.4634767,7.8125639
Tecknau,47.4501064,7.8832932
Tenniken,47.4363734,7.8116851
Thürnen,47.4556959,7.8294607
Wenslingen,47.440539,7.907641
Wintersingen,47.4949559,7.823229
Wittinsburg,47.4252272,7.839909
Zeglingen,47.4171143,7.9063676
Zunzgen,47.4504005,7.80462
Arboldswil,47.4158911,7.7170041
Bennwil,47.4041393,7.7801695
Bretzwil,47.3970067,7.6508005
Diegten,47.409937,7.809077
Eptingen,47.384777,7.8217213
Lunden,54.3303858,9.0247398
Lampenberg,47.4267377,7.759649
Langenbruck,47.3498274,7.7681007
Lauwil,47.389819,7.6757885
Liedertswil,47.3915504,7.71798
Niederdorf,50.7288268,12.7885594
Oberdorf BL,47.3938149,7.7515654
Reigoldswil,47.3974255,7.6918178
Titterten,47.4015489,7.7171561
Waltembourg,48.7503918,7.1965445
Gächlingen,47.7027323,8.499197
Guntmadingen,47.6856829,8.556991
Löhningen,47.7017281,8.5510216
Neunkirch,47.689983,8.5000759
Altdorf SH,47.7841983,8.6593175
Bibern SH,47.7732327,8.6770024
Büttenhardt,47.7560054,8.6538298
Dörflingen,47.7073736,8.7203932
Lohn (SH),47.7557294,8.670356
Opfertshofen SH,47.7770473,8.661041
Stetten (SH),47.7368279,8.6590681
Thayngen,47.7470005,8.7061689
Bargen (SH),47.791799,8.6102341
Beringen,51.0502026,5.220809082300834
Buchberg,47.5726201,8.56076
Hemmental,47.7345217,8.5797397
Merishausen,47.7609436,8.6099627
Neuhausen am Rheinfall,47.6811644,8.6197347
Rüdlingen,47.5789455,8.5721611
Schaffhausen,47.6960491,8.634513
Beggingen,47.7666674,8.5363808
Schleitheim,47.7488818,8.4845902
Siblingen,47.7151451,8.519796
Buch (SH),47.7170103,8.7831625
Hemishofen,47.6768621,8.8317626
Ramsen,49.5369008,8.0133261
Stein am Rhein,47.6597323,8.8596823
Hallau,47.6965281,8.4578613
Oberhallau,47.7050973,8.4783357
Trasadingen,47.667977,8.4304278
Wilchingen,47.6674274,8.4668988
Herisau,47.38555,9.2787571
Hundwil,47.3659158,9.3181801
Schönengrund,47.3277476,9.2268899
Schwellbrunn,47.352345,9.2491335
Stein (AR),47.3781046,9.341753950925373
Urnäsch,47.3178621,9.2834506
Waldstatt,47.3563362,9.2838414
Bühler,47.3743991,9.4233806
Gais,46.8331565,11.9474837
Speicher,49.9354628,6.6389817
Teufen (AR),47.392763,9.3947222
Trogen,47.4079877,9.4650591
Grub (AR),47.4481664,9.5094743
Heiden,47.4421715,9.532089
Lutzenberg,47.459378,9.561572
Rehetobel,47.4266831,9.4804482
Reute (AR),47.4195905,9.5726679
Wald (AR),47.414892,9.4916939
Walzenhausen,47.4506581,9.6017721
Wolfhalden,47.4526711,9.5507149
Appenzell,47.3299558,9.4099556
Gonten,-6.9864068,110.7136702
Rüte,47.303675,9.457086
Schlatt-Haslen,47.3680073,9.3677351
Schwende,47.28524715,9.39579203958195
Oberegg,47.4229588,9.5505705
Häggenschwil,47.4944001,9.3460622
Muolen,47.5210784,9.3237585
St. Gallen,47.4250593,9.3765878
Wittenbach,49.0100082,10.3895977
Berg (SG),47.4866016,9.4066582
Eggersriet,47.4425183,9.4704406
Goldach,48.3096901,11.7463481
Mörschwil,47.4675534,9.4227493
Rorschach,47.4779686,9.4914025
Rorschacherberg,47.4687555,9.4945663
Steinach,48.28603445,8.031932887802238
Tübach,47.4857818,9.4509483
Untereggen,47.451635,9.4496415
Au (SG),47.4331806,9.6365141
Balgach,47.4068832,9.6062727
Berneck,47.4249019,9.6102137
Diepoldsau,47.3859513,9.6556042
Rheineck,47.4706336,9.584108
St. Margrethen,47.4510277,9.6410249
Thal,46.5655953,10.7830167
Widnau,47.4053426,9.6356294
Altstätten,47.3782189,9.5413964
Sant'Orsola Terme,46.1081377,11.3027058
Marbach,47.3919868,9.5686092
Oberriet,47.320756,9.5675673
Rebstein,47.398476,9.5822387
Rüthi (SG),47.2955927,9.537187
Buchs (SG),47.1627634,9.4764086
Gams,47.2054106,9.4421264
Grabs,47.1816557,9.4446312
Sennwald,47.2615026,9.5037691
Sevelen,47.1206364,9.4871231
Wartau,47.0926493,9.454812382792628
Bad Ragaz,47.0025282,9.5016438
Flums,47.0939665,9.343589
Mels,47.0467333,9.4192932
Pfäfers,46.9908765,9.5012318
Quarten,47.1072016,9.240747
Sargans,47.0482641,9.4401995
Vilters-Wangs,47.006026649999995,9.41684984933216
Walenstadt,47.1236457,9.3149919
Amden,47.1496317,9.1411228
Benken (SG),47.1929882,8.996394837834345
Kaltbrunn,47.2134573,9.0249831
Rieden,50.3950807,7.1801422
Schänis,47.1591758,9.0466793
Weesen,47.1346737,9.0973561
Ernetschwil,47.237514,9.0000595
Eschenbach (SG),47.274240500000005,8.993146703746941
Kuldīga,56.9685757,21.960778
Gommiswald,47.231041,9.0237277
Iona,56.32891745,-6.408400818855068
St. Gallenkappel,47.245722,8.9652667
Schmerikon,47.2256001,8.9415774
Uznach,47.2250636,8.9856079
Alt St. Johann,47.1940929,9.2840566
Ebnat-Kappel,47.2635337,9.1233561
Stein (SG),47.2030736,9.232845962688142
Wildhaus,47.2033184,9.3507024
Brunnadern,47.3352253,9.1304283
Hemberg,47.3004656,9.1756588
Krinau,47.3188027,9.051738494793751
Lichtensteig,47.3231436,9.0874862
Oberhelfenschwil,47.3557576,9.1114447
St. Peterzell,47.3176921,9.1763057
Wattwil,47.291534299999995,9.087813825936845
Bütschwil,47.3545519,9.075321167715812
Kirchberg (SG),47.4095086,9.026700891313263
Lütisburg,47.3945011,9.0808205
Mosnang,47.3621638,9.0400516
Degersheim,47.3735896,9.1990317
Flawil,47.414613,9.1861489
Ganterschwil,47.3809923,9.0884271
Jonschwil,47.4231947,9.0865706
Mogelsberg,47.3607886,9.1358183
Oberuzwil,47.4299725,9.1224313
Uzwil,47.4370506,9.1333201
Bronschhofen,47.4756613,9.0369696
Niederbüren,53.1364675,8.6385815
Niederhelfenschwil,47.4748802,9.1856106
Oberbüren,47.450714,9.1611356
Wil (SG),47.465266,9.0415478
Zuzwil (SG),47.4713144,9.1095657
Andwil (SG),47.4384918,9.2720175
Gaiserwald,47.426665,9.3340635
Gossau (SG),47.4155906,9.249359
Waldkirch,48.0939396,7.9610142
Alvaschein,46.6750632,9.5503189
Mons,50.4549568,3.951958
Mutten,46.6781362,9.500036
Stierva,46.6636787,9.5419833
Tiefencastel,46.6615603,9.5764895
Vaz/Obervaz,46.7224925,9.544287189266644
Alvaneu Dorf,46.6787359,9.6470009
Brienz/Brinzauls,46.6687918,9.5957146
Lantsch/Lenz,46.685401,9.5625528
Schmitten (GR),46.70429885,9.68030565583014
Surava,46.6654866,9.6125514
Bergün/Bravuogn,46.6290381,9.7452826
Filisur,46.6737785,9.6859723
Bivio,46.4687474,9.6496931
Cunter,46.6075848,9.5925023
Marmorera,46.4974283,9.6428661
Mulegns,46.5240626,9.6209895
Salouf,46.6243725,9.5753208
Savognin,46.596957,9.5981493
Tyre,33.2721211,35.1964023
Brusio,46.2583616,10.1260849
Poschiavo,46.3263595,10.0581675
Castrisch,46.7758985,9.2311737
Falera,46.8007977,9.2321371
Flond,46.7675602,9.1652798
Ilanz,46.775575,9.2054956
Laax,46.806412,9.2581267
Ladir,46.7899208,9.2026616
Leuven,50.879202,4.7011675
Pitasch,46.7312579,9.2173156
Riein,46.7443874,9.2331737
Ruschein,46.7853148,9.1920079
Sagogn,46.7918682,9.2577578
Schluein,46.7885941,9.2282504
Schnaus,46.7765847,9.179873
Sevgein,46.7655054,9.2210313
Valendas,46.7874164,9.2815862
Versam,46.7928364,9.3364282
Cumbel,46.7251817,9.1911667
Duvin,46.7145143,9.2118925
Degen,46.7073332,9.1703536
Lumbrein,46.6852245,9.1369576
Morissen,46.7299285,9.1806322
Saint-Martin,48.5683066,6.7539988
Surcuolm,46.7579748,9.1437754
Vals-les-Bains,44.6553304,4.365739
Vignogn,46.6985646,9.1557161
Vella,46.7192812,9.1731284
Vrin,46.6555667,9.0984401
Andiast,46.7849583,9.1141778
Obersaxen-Mundaun,46.723543500000005,9.069160133222404
Pigniu,46.8095363,9.1159558
Rueun,46.7791235,9.149704
Siat,46.7908386,9.1631245
Waltensburg/Vuorz,46.7766791,9.1160541
Almens,46.7376383,9.4563322
Feldis,46.7944571,9.4323005
Fürstenau,52.5167872,7.6749583
Paspels,46.7486734,9.4440897
Pratval,46.7315167,9.4462881
Rodels,46.7360705,9.4453368
Rothenbrunnen,46.7684054,9.4273397
Scharans,46.7181233,9.4597448
Scheid,50.3593546,6.4207747
Sils im Domleschg,46.7001997,9.4538996
Trans,48.2744622,-0.3086885
Tomils,46.7620633,9.4423187
Safien Platz,46.6818093,9.3160421
Tenna,46.015703,11.264283
Cazis,46.7212988,9.4303829
Flerden,46.7022984,9.406114
Masein,46.7021894,9.4268534
Portein,46.711609,9.4064585
Präz,46.7422893,9.4053792
Sarn,52.5101617,-3.1740724
Tartar,40.3429739,46.9321023
Thusis,46.6972368,9.4390836
Tschappina,46.6872441,9.3826798
Urmein,46.6917013,9.4018335
Avers,46.44462285,9.532904854002345
Hinterrhein,46.5307369,9.1993492
Medels im Rheinwald,46.547332,9.2942824
Nufenen,46.5394258,9.2435939
Splügen,46.553071,9.3234097
Sufers,46.5706799,9.3664422
Andeer,46.6022665,9.4269682
Ausserferrera,46.5569192,9.4394374
Clugin,46.6167168,9.426261
Donat,46.6291203,9.4298544
Innerferrera,46.521121,9.4429332
Lohn GR,46.6513701,9.4273525
Mathon,46.6362297,9.4146131
Pignia,46.6130542,9.4381268
Rongellen,46.6767923,9.4458434
Zillis-Reischen,46.6486679,9.466947311126694
Bonaduz,46.81132,9.3984396
Domat/Ems,46.8351271,9.4506859
Rhäzüns,46.7989097,9.3979906
Felsberg,46.8460537,9.477555
Flims,46.8332439,9.2834557
Tamins,46.8292948,9.4064966
Trin,46.8290467,9.3617533
Ardez,46.7745373,10.2012095
A Guarda,41.9012451,-8.8742166
Lavin,36.6707243,45.2052909
Susch,46.7493761,10.0797412
Tarasp,46.777999,10.2607908
Zernez,46.6979839,10.0943311
Ramosch,46.8345033,10.3823311
Samnaun,46.9442417,10.3600844
Tschlin,46.8692093,10.4252588
Ftan,46.7951677,10.2488557
Scuol,46.7976371,10.2996234
Sains,48.5513314,-1.5845373
Bondo,46.000298,10.691971
Castasegna,46.3341643,9.5173527
Soglio,44.9962983,8.0785144
Étampes,48.4344621,2.1614464
Vicosoprano,46.3507401,9.6216495
Bever,50.7164481,3.943147
Celerina/Schlarigna,46.5132296,9.8586248
Madulain,46.5868703,9.9389122
Pontresina,46.489993,9.9042965
La Punt Chamues-ch,46.5788766,9.9260141
Samedan,46.5332403,9.874586
Sankt Moritz,46.4978958,9.8392428
S-chanf,46.6125028,9.9855019
Sils im Engadin/Segl,46.4305069,9.7631108
Silvaplana,46.4599334,9.7959165
Zuoz,46.6012885,9.9608039
Arvigo,46.3019468,9.113984
Braggio,46.3033486,9.1242058
Buseno,46.2731557,9.1066178
Castañeda,43.31749745,-3.9260653057337382
Cauco,46.3355198,9.1208435
Rossa,45.8335006,8.1255287
Santa Maria in Calanca,46.2633935,9.144283
Selma,32.4078632,-87.0207473
Lostallo,46.312938,9.1956341
Mesocco,46.392173,9.2325189
Soazza,46.3661494,9.2216584
Chaman,30.915948,66.4631051
Grono,46.2473782,9.1458622
Leggia,46.262949,9.1634467
Roveredo GR,46.2349007,9.1249754
San Vittore,44.5239254,7.6318235
Verdabbio,46.2683719,9.1569902
Fuldera,46.6092434,10.3703539
Lu,29.1539219,105.3788947
Müstair,46.6270915,10.4466197
Sta. Maria Val Müstair,46.6016323,10.4239934
Tschierv,46.6266097,10.3355555
Valchava,46.600758,10.4073947
Davos,46.796198,9.8236892
Fideris,46.9146646,9.74113
Veurne,51.0709569,2.6548504704135794
Jenaz,46.9274527,9.7130354
Conters im Prättigau,46.8825833,9.78967008412178
Küblis,46.9137767,9.7729879
Saas,46.9108567,9.8085204
Luzein,46.965818350000006,9.81518352760624
Sankt Antönien,46.969739,9.813468
Chur,46.854747,9.5264904
Churwalden,46.7784526,9.5429675
Rossemaison,47.3457776,7.3431762
Satigny,46.2157703,6.0330885
Féy,49.0305564,6.0996507
Tolochenaz,46.5047001,6.4734539
Breil/Brigels,46.7674063,9.0622332
Manno,34.1781356,133.8932453
Goumois,47.265855,6.93856709573028
Palézieux,46.5550197,6.8304613
Montmollin,46.9946188,6.844766
Malvaglia,46.4122365,8.9801587
Leytron,46.1859543,7.2068108
Crassier,46.374331,6.164548
Leuk,46.317041,7.6353323
Valeyres-sous-Ursins,46.7458204,6.655254
Tenero-Contra,46.1841146,8.8453084
Unterehrendingen,47.5037138,8.3470583
Etagnières,46.6001382,6.6134167
Ponte Tresa,45.970147,8.8590331
Mex (VD),46.5784364,6.5538256
Bremblens,46.5461677,6.51777
Frick,47.5075081,8.0203065
Avegno,44.3913363,9.1563156
Carabietta,45.9684576,8.9002778
Romairon,46.8498613,6.639397
Remetschwil,47.4090319,8.3279875
Leysin,46.3438701,7.0148403
Calfreisen,46.8413674,9.5934213
Novaggio,46.0108273,8.8558506
Borex,46.379071,6.1777222
Grandfontaine,48.4933336,7.1616678
Buttwil,47.267594,8.3112049
Cevio,46.3169604,8.6018223
Duillier,46.4097312,6.235451
Saint-Gingolph,46.38902065,6.775638784558138
Boswil,47.3004361,8.3137505
Bevaix,46.9297213,6.8105995
Courroux,47.359922,7.3782917
Bedigliora,46.0025871,8.840805
Mägenwil,47.4122258,8.2301927
Brenles,46.6712187,6.8538119
Courfaivre,47.3307693,7.279929772198551
Bettwil,47.2902728,8.265109
Riniken,47.4939693,8.1876762
Champvent,46.7828052,6.5726094
Riva San Vitale,45.9057673,8.970547
Bex,46.2513776,7.0123881
Giubiasco,46.1739158,9.0134077
Reverolle,46.541744249999994,6.440275342449885
Attelwil,47.2593336,8.0433214
Haldenstein,46.8780148,9.5267447
Oberhof,50.7067756,10.7257435
Holziken,47.3202562,8.04006
Mézières (VD),46.5957836,6.7705874
Arni,47.3191633,8.4200738
Neunforn,47.6006714,8.7794938
Russin,46.1876287,6.0130297
Bretigny-sur-Morrens,46.596563,6.640643
Lax,46.3888757,8.1195682
Parpan,46.7596313,9.5598212
Döttingen,47.5739904,8.2569004
Chancy,46.1494748,5.9726238
Vernamiège,46.2109663,7.4313684
Vinzel,46.4476073,6.2793859
Monteggio,45.9957611,8.8082796
Mumpf,47.545436,7.920759
Cerniaz (VD),46.7271483,6.896079
Villette (Lavaux),46.506132,6.71286797151454
Céligny,46.3505844,6.1949435
Cartigny,49.91327,3.00835
Endingen,48.1412922,7.6999031
Enges,47.0562668,7.0133883
Combremont-le-Petit,46.7493162,6.8087604
Pfyn,47.5970331,8.9536736
Saint-Luc,48.973235,1.236435
Movelier,47.4093561,7.3180391
Agiez,46.7199018,6.508106
Sédeilles,46.7482527,6.9344024
Felben-Wellhausen,47.575645,8.939863
Mur (Vully) VD,46.9442044,7.0603683
Fontaines-sur-Grandson,46.8353764,6.6193942
Langrickenbach,47.5935913,9.2472949
Echichens,46.5265541,6.4978862
Villars-Burquin,46.860223,6.629204713467399
Gansingen,47.5432969,8.1343542
Orbe,46.724144,6.5317943
Vordemwald,47.2766594,7.9009035
Herdern,47.6058689,8.908617
Holderbank,47.4270885,8.1686653
Le Noirmont,47.2243743,6.9567612
Rupperswil,47.4027283,8.1274477
Fiez,46.8280744,6.6240029
Albinen,46.3406442,7.6337277
Olivone,46.5303957,8.9384493
Vullierens,46.5730401,6.4816261
Brig-Glis,46.28873245,7.975308373361105
Wölflinswil,47.4608194,7.9976535
Montenol,47.3508968,7.1488942
Saas-Almagell,46.0938913,7.9582333
Neggio,45.9871424,8.8789312
Marin-Epagnier,47.0091238,6.9999328
Gorduno,46.218571,9.0327169
Aristau,47.286906,8.364863
Boveresse,46.916623,6.5972031
Piazzogna,46.1346313,8.8204065
Chevilly,48.0260305,1.8739814
Peist,46.8327807,9.6736872
Riex,46.4935165,6.7358129
Eclagnens,46.6494374,6.594439696010323
Grengiols,46.3729638,8.092535
Lugano,46.0050102,8.9520281
Geneva,46.2017559,6.1466014
Bedano,46.0508673,8.9196673
Zofingen,47.288491,7.9458259
Mairengo,46.4882081,8.790975
Veyras,44.7290012,4.5629984
Mauborget,46.8558706,6.6146584
Lüen,46.8331974,9.6124596
Treytorrens (Payerne),46.7731198,6.8003881
Denezy,46.7216537,6.7845389
Bussnang,47.5580779,9.0797264
Lignerolle,46.7407875,6.4559997
Lodrino,45.719687,10.277667
Meyrin,46.2283226,6.0712016
Crissier,46.5538658,6.5772501
Grandevent,46.8388002,6.6065632
Alto Malcantone,46.0503546,8.8840822
Biasca,46.3606274,8.9714023
Lalden,46.300193,7.900266
Fläsch,47.0267559,9.5133657
Chiggiogna,46.468749,8.8199128
Martisberg,46.3856656,8.1005629
Corseaux,46.4722747,6.8320071
Seon,47.3460005,8.1593554
Bad Zurzach,47.5866477,8.2940658
Gryon,46.2746628,7.063671
Ropraz,46.6153223,6.7515592
Seewis im Prättigau,46.9820099,9.6368062
Schlossrued,47.290618,8.087858
Valeyres-sous-Montagny,46.7983693,6.6105655
Confignon,46.1742486,6.0851643
Bavois,46.6853078,6.5651634
Fresens,46.8883144,6.747402
Simplon,46.1955875,8.0563136
Matzingen,47.5199826,8.934077
Basadingen-Schlattingen,47.66001205,8.754640858181991
Boniswil,47.3161571,8.1852511
Oulens-sous-Echallens,46.6433334,6.5781518
Othmarsingen,47.4023481,8.2162901
Sulgen,47.5452654,9.181648
Rivera,-30.900058,-55.5408151
Osco,41.3478134,-90.280401
Villeneuve (VD),46.3965712,6.9248129
St-Sulpice NE,46.909486,6.5639217
Kesswil,47.5931922,9.3174354
Bichelsee-Balterswil,47.4520749,8.926625728858804
Saint-Maurice,48.3275249,7.3363439
Sumvitg,46.7284407,8.9384718
Ponte Capriasca,46.0599477,8.9495125
Aire-la-Ville,46.1905919,6.0428776
Grächen,46.1960178,7.8421612
Kippel,46.3991936,7.7717164
Ayer,42.5595807,-71.5882561
Obermumpf,47.5293336,7.9381928
Genthod,46.2644177,6.1570636
Bofflens,46.7045569,6.4989467
Réclère,47.3756339,6.9219953
Lovatens,46.6918052,6.8641889
Hauptwil-Gottshaus,47.4901636,9.284816683784705
Courtemaîche,47.458606,7.0467882
Brittnau,47.2586821,7.9466147
Leimbach,47.2722755,8.1696176
Cadenazzo,46.1509953,8.9458762
Vira (Gambarogno),46.1438542,8.8418863
Hermetschwil-Staffeln,47.3309507,8.3413696
Morbio Inferiore,45.8530469,9.016289
Oberflachs,47.4418412,8.1294405
Strengelbach,47.2791072,7.9295347
Fregiécourt,47.4122573,7.1981669
Corcelles-Cormondrèche,46.9852153,6.8688571
Cuarnens,46.6248084,6.4382631
Verden (Aller),52.9219073,9.2286737
Ormont-Dessus,46.3425781,7.1630702854579456
Luins,46.442819,6.271154
Beinwil,47.2302283,8.3422897
Penthalaz,46.6113262,6.5252453
Vich,46.4294193,6.2505497
St. Peter,44.3238384,-93.9585295
Grimisuat,46.2606742,7.385846
Jonen,47.2959739,8.3950641
Chironico,46.4232654,8.8436935
Chavannes-de-Bogis,46.3446425,6.1625796
Ballaigues,46.7305278,6.4132441
Chavannes-des-Bois,46.3147141,6.132561
Gollion,46.5852339,6.5088361
Gravesano,46.0414667,8.9196174
Weinfelden,47.5669187,9.1097539
Les Bois,46.3273991,5.2072631
Oberwil-Lieli,47.339653049999995,8.391383312727754
Tägerwilen,47.6563994,9.1310646
Bitche,49.0508729,7.4254577
Steg,47.11176,9.5765712
Corticiasca,46.0875657,9.0183508
Vuiteboeuf,46.807388,6.5493754
Vollèges,46.0880053,7.1697258
Chanéaz,46.7295664,6.7417615
Goumoens-la-Ville,46.6581874,6.6048232
Rennaz,46.3757048,6.9190655
Tartegnin,46.4666552,6.3156804
Dorénaz,46.1479018,7.0435276
Prato (Leventina),46.4828992,8.756523153039216
Effingen,47.4896963,8.1035209
Medel (Lucmagn),46.62753605,8.870081136287943
Penthaz,46.597822,6.540398
Hägglingen,47.3878226,8.2535062
Lavigny,46.7167595,5.5957054
Veltheim,47.437709,8.1461059
La Sarraz,46.6590583,6.5124448
Full-Reuenthal,47.6136047,8.2048625
Islisberg,47.3229472,8.4393127
Habsburg,47.4620655,8.1871807
Le Mont-sur-Lausanne,46.5530996,6.6354534
Suscévaz,46.7642362,6.5780348
Muralto,46.1737791,8.8011979
Kaiseraugst,47.5399823,7.7230178
Geltwil,47.2491991,8.3223867
Chabrey,46.9264329,6.9812292
Hermenches,46.6419061,6.7602141
Buttes,46.8874604,6.5513541
Acquarossa,46.4550268,8.9422833
Ulrichen,46.5065607,8.3049713
Niederwald,46.435923,8.1898458
L'Abergement-Clémenciat,46.1502427,4.9202187
Genestrerio,45.8553637,8.9604027
Scherz,47.446326,8.183993
Soulce,47.29868999999999,7.289723046823299
Berolle,46.5583845,6.3373241
Saillon,46.171705,7.1849064
Gresso,46.2249288,8.615729
Les Tavernes,46.5529265,6.809919360201033
Sévery,46.5758446,6.4388219
Cornol,47.4073679,7.1612963
Gachnang,47.5396518,8.8523731
Denens,46.518323,6.4564786
Chéserex,46.3997632,6.1737875
Cornaux,47.0322789,7.018409497174975
Saint-Saphorin (Lavaux),46.4731819,6.7959554
Wohlenschwil,47.4124727,8.2578773
Hottwil,47.5474422,8.1623003
Gilly,46.4575111,6.2969883
Raron,46.309934,7.799589
Essertes,46.56576305,6.788907942543009
Bonfol,47.4767014,7.1523017
La Praz,46.6675257,6.4272029
Vandœuvres,46.2214083,6.2024623
Colombier (NE),46.9698719,6.858759749251323
Essertines-sur-Yverdon,46.7152242,6.6383585
Rüfenach,47.5080886,8.205682
Balerna,45.8491908,9.0070811
Lussy-sur-Morges,46.5028627,6.4508849
Densbüren,47.4543265,8.0538734
Onnens (VD),46.8391148,6.6884927
Vétroz,46.2253413,7.2812893
Morrens,46.5904805,6.6267885
Cully,49.2499657,-0.5241720023546639
Sergey,46.7505419,6.4995735
Boulens,46.681059,6.7192139
Saint-Jean,43.6650391,1.5039252
Fiesch,46.402946,8.1341501
Pomy,43.0595,2.06477
Trimmis,46.8970804,9.5634251
Fanas,46.9848646,9.6670277
Saint-Cergue,46.4460968,6.158111
Le Landeron,47.0554312,7.0702155
Stilli,47.5150754,8.2315106
Bellevue,47.6144219,-122.192337
Wiler (Lötschen),46.4039949,7.7836104
Borgnone,46.1596379,8.6165561
Soral,46.1443887,6.0437516
Suhr,47.373166,8.079534
Obergesteln,46.5137824,8.3248669
Aubonne,47.0357292,6.3265113
Thônex,46.1884304,6.1983858
Monte Carasso,46.1875856,8.9991688
Gingins,46.4094508,6.1779167
Aclens,46.5680294,6.51076
Kaisten,47.5386303,8.0446209
Le Lieu,46.6462186,6.280313
Kaiserstuhl,47.5684522,8.4183639
Affeltrangen,47.5265562,9.0318946
Vacallo,45.8473065,9.0347767
Molinis,46.8265236,9.6550004
Boussens,43.1765718,0.9728531
Troinex,46.1616537,6.147819
Blonay,46.4650397,6.8951981
Melano,45.9251448,8.9835902
Giez,45.7528278,6.2472865
Les Agettes,46.2081821,7.3752716
Würenlos,47.4421058,8.3618108
Neuenhof,47.4493396,8.3276312
Unterlunkhofen,47.3222122,8.3805098
Klingnau,47.5810046,8.2500088
Martigny,49.8597222,4.1375
Les Cullayes,46.57158385,6.753694674224125
Melide,42.9145741,-8.0136139
Brione sopra Minusio,46.1832076,8.8132035
Eggenwil,47.3698754,8.3399569
Olsberg,51.355148,8.4893388
Maracon,46.5500232,6.8727444
Böttstein,47.5568329,8.221822
La Sagne,47.0385519,6.7984212
Hohentannen,47.5083945,9.2246069
Fenin-Vilars-Saules,47.0287368,6.9275573
Concise,46.8511242,6.7205199
Yvonand,46.7983158,6.7445021
Mettembert,47.3981573,7.3220141
Unterems,46.2922772,7.6962172
Tujetsch,46.6579082,8.73568771467436
Bournens,46.6041672,6.5633012
Sobrio,46.3997265,8.9015965
Reitnau,47.2513234,8.0449307
Collina d'Oro,45.979111,8.917952
Lumino,46.2318743,9.0672648
Schinznach,47.4467994,8.1422836
Auenstein,47.4168206,8.1370602
Baulmes,46.7903981,6.5212523
Bole,44.8528771,82.0504585
Boncourt,49.6161,3.94733
Marchissy,46.4880255,6.2469182
La Chaux-de-Fonds,47.1031321,6.8325778
Villmergen,47.3471991,8.244908
Hendschiken,47.386254,8.2168579
Freienwil,47.5034967,8.3279656
Oleyres,46.854236,7.0405766611888865
Hellikon,47.5095692,7.9249732
Berikon,47.3528355,8.3701013
Brot-Plamboz,47.015329,6.7840666
Guttet-Feschel,46.3507092,7.674416465558698
Cugnasco,46.176498,8.9233539
Bioggio,46.0141052,8.9076167
Evionnaz,46.1794464,7.0225695
Noiraigue,46.954554,6.7249296
Ueken,47.4844622,8.0486412
Gorgier,46.9035345,6.7805424
Laufenburg (Baden),47.5671976,8.0599414
Porrentruy,47.4171297,7.0761342
Mont-sur-Rolle,46.470957,6.3365929
Corippo,46.2358454,8.8410207
Murgenthal,47.2627727,7.8319249
Contone,46.1487696,8.9261455
Lenzburg,47.3873136,8.1821873
Neyruz-sur-Moudon,46.6973091,6.7872879
Payerne,46.8208047,6.939126
Warth-Weiningen,47.5874522,8.888189715163517
Daillens,46.6202897,6.5487115
Hérémence,46.1807413,7.4057866
Dombresson,47.0865173,6.945448682456345
Bourrignon,47.3966596,7.245026
St. George's,12.0535331,-61.751805
Hunzenschwil,47.3854685,8.1242795
Lussery-Villars,46.6309961,6.5251994
Vérossaz,46.2128879,6.98412
Birgisch,46.3170628,7.9561748
Visp,46.2913113,7.8811918
Intragna,45.9941511,8.572928
Gebenstorf,47.4819508,8.2408818
Gimel-les-Cascades,45.2995221,1.8507685
Montmagny,48.9728571,2.343561
Courgenay,48.2863869,3.5489709
Ependes (VD),46.7431583,6.6083432
Mastrils,46.9668439,9.5424803
Essert-sous-Champvent,46.79403255,6.584093204420016
Romainmôtier-Envy,46.6906658,6.4587347
Merenschwand,47.2607035,8.3732781
Maladers,46.836285,9.5603995
Clermont-sur-Lauquet,43.0447368,2.4224296
Birmenstorf,47.4611315,8.2493768
Erlinsbach (AG),47.3968661,8.0133738
Arnex-sur-Orbe,46.6941594,6.5187517
Oron-la-Ville,46.5709236,6.8274668
Salenstein,47.6694793,9.05922
Lancy,46.1839156,6.1224047
Pizy,46.49278645,6.353001141842306
Donneloye,46.744325,6.7155281
Frauenfeld,47.5561915,8.8963347
Oberlunkhofen,47.311931,8.3904974
Trey,46.769255,6.9251725
Rossinière,46.4675176,7.083061
Chêne-Pâquier,46.771165,6.7684976
Les Clées,46.7320659,6.4626883
Mönthal,47.5183755,8.1439869
Sins,47.1910321,8.3946059
Alle,47.4258096,7.1291258
Abtwil,47.1744431,8.3546821
Chiasso,45.8355209,9.0290169
Coppet,46.3164464,6.1927752
Cuarny,46.7700368,6.6884422
Savagnier,47.0540991,6.957844557182044
Montfaucon,48.957,3.42498
Magadino,46.1474272,8.8559472
Zetzwil,47.2862612,8.1508263
Etoy,46.4860906,6.4193113
Prangins,46.3947976,6.2487871
Buix,47.4806835,7.0301046
Bonvillars,46.8375743,6.6706023
Avenches,46.879575,7.040941
Calonico,46.4507212,8.8416008
Chermignon,46.2889297,7.4750848
Homburg,49.3181673,7.3340336
Unterbäch,46.2609289,7.779865291421668
Delémont,47.3615882,7.354445
Oberwald,46.5328571,8.3520502
Eischoll,46.2936189,7.7812181
Les Verrières,46.904458,6.4820688
Aulnois-sur-Seille,48.8676496,6.3147292
Echandens,46.534381,6.5410474
Mund,46.315287,7.9411034
Villars-Mendraz,46.6462278,6.7293282
Baden,47.6199988,-2.9184744
Wiliberg,47.2684312,8.014673
Finhaut,46.082805,6.9765238
Schlatt (TG),47.6682701,8.699623514442717
Yverdon-les-Bains,46.7785711,6.6409158
Pollegio,46.3649243,8.9434475
Froideville,46.81233245,5.480846805388461
Salgesch,46.3116136,7.5699409
Aarau,47.3927146,8.0444448
Caslano,45.9708722,8.8836544
Moudon,46.6680664,6.8003478
Vico Morcote,45.9312629,8.9242053
Mammern,47.6461848,8.9157018
Givrins,46.4289779,6.2017676
Corcelles-le-Jorat,46.6058744,6.7407986
Corsier (GE),46.2626753,6.2250187
Tegerfelden,47.5607982,8.2858739
Mettau,47.5639096,8.1274979
Collonge-Bellerive,46.2537418,6.2045928
Boudevilliers,47.0310766,6.869930582353297
Rheinfelden,47.5543859,7.7922905
Bussigny,46.5512503,6.553745
Charmoille,47.2468643,6.6708644
Grafschaft,50.5754022,7.088919194018053
Castiel,46.8392828,9.6026311
Binn,46.3645702,8.1843739
Bernex,46.3607868,6.6753169
Ammerswil,47.3705625,8.2061524
La Côte-aux-Fées,46.8666659,6.4886238
Bure,48.5041154,5.3567737
Rougemont,47.66736,4.24459
Fontanezier,46.8537878,6.6533076
Molondin,46.7606762,6.7492454
Bottighofen,47.6386883,9.2068831
Puidoux,46.5008111,6.7823914
Rottenschwil,47.3141222,8.3638821
Zihlschlacht-Sitterdorf,47.5142062,9.259269150287928
Damphreux,47.4757553,7.1023282
Salins,48.4224933,3.0203102
Orsières,46.0300676,7.1453627
Les Brenets,47.067859,6.705986
San Nazzaro,41.0523895,14.8563559
Thalheim,47.4367098,8.0999521
Villigen,47.5262684,8.2147282
Bellikon,47.3900433,8.3461275
Aigle,46.3179006,6.9688929
Says,46.9038319,9.5770589
Muhen,47.3408342,8.0535781
Les Genevez (JU),47.2567802,7.1293599
Pregny-Chambésy,46.2352628,6.139212
Thierrens,46.7034256,6.7550299
Dottikon,47.3838825,8.241593
Lavey-Morcles,46.2073771,7.041464065020304
el Campello,38.427416,-0.3983685
Arosa,46.7797248,9.6781356
Hausen (AG),47.4603829,8.2150502
Mellikon,47.567172,8.3517064
Carouge,46.1846691,6.1396839
Gipf-Oberfrick,47.4975112,8.0029699
Sementina,46.1827458,8.9925576
Mergoscia,46.2106544,8.8471958
Chevenez,47.3920034,6.9998562
Fislisbach,47.4369631,8.2899457
Montmelon-Dessus,47.3545309,7.1817468
Tremona,45.8807051,8.9565873
Saxon,46.1452873,7.1807405
Sant'Antonino,42.5889008,8.9049886
Le Grand-Saconnex,46.2363321,6.126532
Stettfurt,47.5250201,8.9545165
Zuzgen,47.52544,7.900246
Certara,46.0848004,9.0596619
Seigneux,46.7273878,6.8786301
Rossenges,46.6520362,6.7765557
Hosszúvölgy,46.5124342,16.9303859
Épalinges,46.547327,6.6726245
Eiken,47.5312508,7.9894417
Essertines-sur-Rolle,46.4924891,6.3170166
Buchillon,46.4702466,6.4230108
Haguenau,48.8172236,7.7885978
Camorino,46.1636431,9.0057614
Cadro,46.0449142,8.9843267
Randogne,46.311602,7.5016541
Bünzen,47.3116613,8.3260392
Savigny,49.0491048,-1.3392101
Verscio,46.18599,8.7312069
Lengwil,47.6246349,9.1944314
Bretonnières,46.7122384,6.4734908
Asuel,47.3977862,7.2093194
Montana,43.4088984,23.2203193
Wilen (TG),47.4468156,9.031043860671836
Müllheim,47.8099613,7.6257276
Plan-les-Ouates,46.1683113,6.117887
Schinznach Bad,47.4515074,8.1676758
Gordevio,46.2262472,8.7436606
Wislikofen,47.5578734,8.3622093
Uttwil,47.5835512,9.3403851
Claro,-23.8388184,-47.7482552
Bogis-Bossey,46.3515732,6.1648147
Troistorrents,46.2285806,6.9161978
Niederrohrdorf,47.4254112,8.3046257
Märstetten,47.5926085,9.0677996
Saint-Léonard,50.6888137,1.6270864
Peney-le-Jorat,46.629338700000005,6.728871386118932
Oberbözberg,47.4974655,8.1549171
Roche (VD),46.3610602,6.9309298
Blatten (Lötschen),46.4205806,7.8192935
Bressaucourt,47.3849074,7.038299309500651
Vendlincourt,47.4512425,7.1485023
Origlio,46.0514177,8.9471687
Monthey,46.252844,6.9478263
Lommis,47.516675,8.9938693
Nax,46.2267697,7.4250269
Bürglen TG,47.5498807,9.1529503
Rochefort,45.9438412,-0.9687519
Chavannes-sur-Moudon,46.6571671,6.8092169
Bedretto,46.5059338,8.5114708
Oberems,46.2816939,7.6957835
Villa Luganese,46.0516309,8.9928297
Sessa,45.9999141,8.8189722
Igis,46.9458165,9.5735636
Lausanne,46.5218269,6.6327025
Schlans,46.7530958,9.015136
Engollon,47.042672249999995,6.923526372251624
Арбаж,57.6793484,48.3035946
Vernier,46.2131843,6.0815756
Cadempino,46.0333917,8.9314621
Varennes,44.8310202,0.6761376
Ghirone,46.5601864,8.9448009
Bussy-sur-Moudon,46.6858284,6.8108726
Bioley-Orjulaz,46.6211356,6.5984553
Vionnaz,46.3112229,6.8999588
Versoix,46.2767572,6.168958
Bironico,46.1135688,8.9329745
Chardonne,46.4770903,6.8271259
Lupfig,47.4397165,8.2013965
Belmont,46.5200729,6.6800519
Wallbach,50.6288662,10.3960519
Nendaz,46.1867083,7.3051008
Sierre,46.2922522,7.5323195
Martigny-Combe,46.06708875,7.0370217069415
Staffelbach,47.2834729,8.0419242
Berling,48.8009528,7.2418378
Vugelles-La Mothe,46.81927,6.5676637
Böbikon,47.5537308,8.333123
Mendrisio,45.8709661,8.9875293
Sommery,49.6327669,1.440636
Bourg-Saint-Pierre,45.9489252,7.2088271
Frasco,46.3377617,8.804355
Bosco/Gurin,46.3167843,8.4918978
Etzgen,47.5720309,8.1108566
Jouxtens-Mézery,46.5532677,6.5980688
Gampel,46.3153507,7.7430022
Wagenhausen,50.1431743,6.985256
Amlikon-Bissegg,47.561924399999995,9.040207215323033
Quinto,41.4248588,-0.4976071
Eisten,46.1988458,7.8949076
Randa,46.100229,7.7828107
Ederswiler,47.425687,7.334709
Morges,46.5093268,6.498317
Choulex,46.2231863,6.2242767
Saint-Livres,46.5089259,6.3865062
Ferlens (VD),46.5888578,6.7868326
Biss'one,45.9506538,8.9651807
Fontainemelon,47.0591568,6.888839343655036
Henniez,46.7422549,6.8834048
Meinier,46.2467188,6.2333553
Gerra (Verzasca),46.3185249,8.8026066
Chexbres,46.4809505,6.7803021
Gudo,46.1756517,8.9443724
Gy,47.4068,5.8146609
La Tour-de-Peilz,46.4537524,6.8569063
Oberrüti,47.4803272,8.5656165
Oberrohrdorf,47.421817,8.316452
Corcelles-sur-Chavornay,46.7036344,6.6011825
Ascona,46.1554222,8.7707865
Egliswil,47.3499234,8.186191
Venthône,46.3068156,7.5291039
Wegenstetten,47.4995108,7.9337595
Gordola,46.1813937,8.8633895
Cremin,46.7259218,6.8432266
Le Peuchapatte,47.1970105,6.9652385
Caneggio,45.8725901,9.0300008
Gressy,48.9640864,2.6723722
Dozwil,47.5759385,9.3190975
Orny,49.0226128,6.244923
Uerkheim,47.3051502,8.0253266
Teufenthal,47.3300709,8.1152406
Büttikon,47.3260147,8.2677621
Dürrenäsch,47.3215135,8.1571142
Eysins,46.3807218,6.2042596
Chapelle-sur-Moudon,46.6691282,6.736023
Moleno,46.2688501,8.9938875
Carona,45.9574555,8.935792
Le Pâquier (NE),47.0988962,6.9866517
Muriaux,47.246007,6.9794762
Vuarrens,46.6863257,6.6475677
Besazio,45.873216,8.9530612
Les Pommerats,47.2712268,6.9855346
Saint-Saphorin-sur-Morges,46.54656935,6.492292584583525
Fieschertal,46.4245701,8.1427862
Vevey,46.4602978,6.8418655
Trun,48.8430632,0.033079
St. Niklaus,46.177002,7.802516
Diessenhofen,47.6875317,8.7492673
Zermatt,46.0212076,7.749254
Bière,46.5373773,6.3337235
Ernen,46.3988816,8.1460083
Champagne,45.831944,-0.906667
Cavagnago,46.4132693,8.8817499
Montagny-près-Yverdon,46.7914576,6.6117904
The Municipal District of Birr,53.0965843,-7.9108738
Naz,46.65890245,6.693489238714832
Lavertezzo,46.259202,8.8385753
Cimadera,46.0790249,9.0464325
Corbeyrier,46.3495001,6.9597544
Massagno,46.0126998,8.9443667
Künten,47.3891667,8.3293117
Sigirino,46.0814243,8.9169156
Wettingen,47.465839,8.3266114
Palagnedra,46.1539911,8.632163
Hüttwilen,47.6073934,8.8719223
Miglieglia,46.0243636,8.8570318
Chézard-Saint-Martin,47.0641626,6.9212493
Indemini,46.0945279,8.8259696
Cudrefin,46.9560359,7.0183078
Lucens,46.708447,6.8389766
Roggwil (TG),47.5017356,9.387847615397336
Champtauroz,46.760598,6.789151
Conthey,46.260226,7.2810929841679695
Eclépens,46.6515007,6.5285061
Törbel,46.2385196,7.851508
Wäldi,47.6344058,9.0955279
Vissoie,46.2153165,7.5853597
Ayent,46.3190236,7.416642296150059
Montreux,46.4310831,6.9129921
Braunau am Inn,48.253136,13.039506
Lugnez,47.4829124,7.0981378
Saint-Aubin-Sauges,46.894585,6.7737479
Kölliken,47.3352673,8.0231804
Commugny,46.3182308,6.1757684
Aadorf,47.4915782,8.9029526
Rothrist,47.3029125,7.8826232
Corsier-sur-Vevey,46.4705779,6.8436858
Lavizzara,46.4088642,8.64558
Vufflens-la-Ville,46.5783726,6.5386727
Grancy,46.5915221,6.4649462
Rocourt,48.1075871,5.743120829673061
Icogne,46.2907802,7.4391182
Turgi,47.4931594,8.2518887
Valzeina,46.9492875,9.6025263
Semione,46.4081409,8.9718558
Les Geneveys-sur-Coffrane,47.0146879,6.8524243
Ballens,46.5542745,6.3750843
Blitzingen,46.4437481,8.2023646
Rovio,45.9330781,8.9884561
Courchapoix,47.3489876,7.4561999
Boudry,46.9487464,6.8358712
Poliez-Pittet,46.6277599,6.6826495
Bussigny-sur-Oron,46.5684246,6.862544062692967
Rebeuvelier,47.3244305,7.4151819
Sisseln,47.5534624,7.989416
Allaman,46.4707776,6.396174
Medeglia,46.1154488,8.9692607
Chessel,46.3495725,6.8944469
Croglio,45.9884787,8.8419197
Trélex,46.414967,6.2048987
Penthéréaz,46.6818849,6.6035686
Faoug,46.9057923,7.0740011
Chêne-Bougeries,46.1963639,6.1854072
Niederwil,47.3763559,8.2947614
Oberentfelden,47.3567549,8.0470858
Sonogno,46.3503084,8.7863269
Comano,44.311428199999995,10.1459316051002
Chesalles-sur-Moudon,46.6752799,6.8330547
Capolago,45.9054468,8.9812298
Kradolf-Schönenberg,47.51606165,9.186619197003132
Cavergno,46.3451674,8.6072509
Fontaines (NE),47.04127755,6.900800636080296
La Chaux-des-Breuleux,47.222708,7.0275091
Bellwald,46.4237017,8.1599477
Presinge,46.2191549,6.25636
Pleigne,47.4074958,7.292424
Chandolin,46.2525826,7.5986698
Chalais,45.5074252,0.926825
Mézery,46.7484266,6.7262743
Oeschgen,47.5191409,8.0170821
Agarn,46.2967076,7.6652777
Unterkulm,47.3103727,8.11471
Crans (VD),46.3579285,6.2058302
Rolle,46.4601563,6.3380469
Coldrerio,45.8538378,8.9871005
Ecublens,46.5258,6.5621137
Noville,46.3817112,6.8996176
Sarmenstorf,47.3099209,8.2485603
Vulliens,46.6212858,6.7927903
Sainte-Croix,49.4809517,3.7781066
Founex,46.3338174,6.1943733
Montfavergier,47.3094773,7.0896916
Trento,46.0664228,11.1257601
Saas-Balen,46.1540205,7.9281921
Courtételle,47.3418687,7.3162671
Lignières,49.67649,2.65244
Le Cerneux-Péquignot,47.0166187,6.6652883
Hohtenn,46.3189171,7.7562877
Besenbüren,47.3123219,8.3439287
Colombier (VD),46.5565027,6.4719318
Bardonnex,46.1499139,6.1051191
Bidogno,46.0789127,9.0000973
Courtedoux,47.41021,7.0417935
Hüttlingen,48.893566,10.0997145
Magden,47.5283737,7.8116008
Saignelégier,47.2557997,6.9963585
Cortaillod,46.9432319,6.8458944
Montricher,46.6001762,6.375822
Le Bémont (JU),47.2637024,7.0135465
Bougy-Villars,46.4787593,6.3545367
Riddes,46.1718974,7.2227718
Bergdietikon,47.3898401,8.3865262
Eschenz,47.6473559,8.8748245
Begnins,46.4411298,6.2492689
Denges,46.5241679,6.5402546
Orselina,46.1778147,8.7956508
Muri,47.2756613,8.3377829
Maché,46.7563889,-1.685
Mutrux,46.8825207,6.7261849
Sonvico,46.0584469,8.9905315
Bussy-Chardonney,46.5291113,6.4419818
St-Ursanne,47.3646034,7.1539488
Novalles,46.8284542,6.5956886
Baltschieder,46.3079079,7.8646512
Torricella-Taverne,46.0656774,8.924762
Brot-Dessous,46.961779500000006,6.764533648208593
Mont-la-Ville,46.645546,6.4077926
Stabio,45.8499456,8.9376319
Iseo,45.6595554,10.0510489
Charrat,46.1220633,7.1347402
Grens,46.3937213,6.1916774
Iragna,46.3289245,8.9672259
Sant'Antonio,43.7112918,10.3977464
Avusy,46.1516784,5.9947436
Arzo,46.121883,9.5769608
Raperswilen,47.6330251,9.0424448
Paradiso,45.9897313,8.9461979
Unterendingen,47.5469468,8.2890979
Birwinken,47.5821126,9.1976761
Münchwilen TG,47.4777697,8.9976456
Chigny,49.9172502,3.7706317
Obersiggenthal,47.487555,8.2940052
Fleurier,46.904275,6.58004
Menziken,47.240878,8.187274
Ludiano,46.4186199,8.971137
Bettwiesen,47.4973742,9.0257786
Bioley-Magnoux,46.7255605,6.7108156
Mellingen,50.9410689,11.395064
Le Locle,47.0555907,6.745454
Meisterschwanden,47.2949842,8.2277227
Vex,46.2113825,7.3983622
Chevroux,46.3809591,4.9483084
Erschmatt,46.3218125,7.6923472
Rudolfstetten-Friedlisberg,47.36888155,8.388029495514552
Provence,46.8914636,6.7270271
Ergisch,46.292777,7.7148033
Forel (Lavaux),46.5419511,6.77037
Losone,46.1679841,8.7633619
Stalden VS,46.2325963,7.8704203
Malapalud,46.621184,6.6411466
Malans,47.0487929,6.0331085
Waltenschwil,47.3345396,8.3024947
Chamblon,46.7772764,6.6044112
Romanel-sur-Morges,46.5564288,6.5101067
Burtigny,46.4687203,6.2567707
Dietwil,47.1483703,8.3930952
Boécourt,47.3489482,7.2140576
Fischbach-Göslikon,47.3712188,8.3071462
Hallwil,47.329448,8.1750054
Oftringen,47.3126595,7.92099
Schönholzerswilen,47.5165928,9.1392258
Môtiers NE,46.9104514,6.6107557
Fischingen,47.650005,7.5999972
Möhlin,47.560991,7.8431299
Fahrwangen,47.2946038,8.2413934
Turtmann,46.3011208,7.7017415
Morcote,45.9232168,8.9173156
Pagig,46.8379913,9.6382576
Vernayaz,46.1365416,7.0393423
Airolo,46.5290309,8.6086045
Zizers,46.9369963,9.5665236
Martherenges,46.6609373,6.7532478
Maienfeld,47.0077288,9.5309225
Barbengo,45.9599771,8.9138904
Val de Bagnes,46.00998095,7.307005473382556
Saint-Oyens,46.4980293,6.3063994
Les Enfers,47.2885745,7.047358
Betten,46.3764287,8.069257
Saint-Martin (VS),46.15354695,7.468806295292659
La Brévine,46.9801928,6.6070172
Corban,47.3464617,7.4761309
Montpreveyres,46.581339,6.740799
Personico,46.3702448,8.9178469
Chavannes-le-Veyron,46.60645,6.4509017
Bercher,46.6920285,6.7089748
Zeihen,47.4765025,8.0856118
Rekingen,47.5707146,8.3204135
Dommartin,49.8006199,2.3895684
Ermatingen,47.6693246,9.0798991
Biberstein,47.4140667,8.0821155
Montaubion-Chardonney,46.64569225,6.714257611193082
Le Chenit,46.6046637,6.2337695
Carabbia,45.9726024,8.9374756
Stein,47.5451212,7.9540042
Bremgarten,47.3539569,8.3376446
Les Thioleyres,46.5384851,6.8152476236153845
Vicques,48.9489106,-0.0768034
Horn,50.0444634,7.5425933
Unterentfelden,47.3670123,8.0424171
Leibstadt,47.5905075,8.1756561
Ausserberg,46.3153094,7.8525781
Les Bayards,46.9156008,6.5155776
Dintikon,47.3636287,8.2281106
Isérables,46.1621386,7.2445214
Fisibach,47.5637103,8.4100542
Täsch,46.0676751,7.7770173
Bottens,46.6169088,6.6607269
Arbon,43.0007,0.747026
Torre,43.4827155,11.5656532
Schupfart,47.5145465,7.9657804
Villarzel,46.7478499,6.9118617
Lonay,46.5265684,6.5206068
Collex-Bossy,46.279171950000006,6.12093266174688
Saint-Barthélemy (VD),46.6355663,6.6001447
Cossonay,46.6138202,6.508938
Rivaz,46.4762772,6.7786403
Kirchleerau,47.2755071,8.0702913
Vernate,45.3161472,9.0609682
Soyhières,47.390073,7.3696855
Campo (Vallemaggia),46.28887,8.496085
Uesslingen-Buch,47.59104635,8.831448862066246
Vaulion,46.6883547,6.3894066
Baldingen,47.554707,8.313637
Oron-le-Châtel,46.5727701,6.839708140912274
Giornico,46.4017493,8.8766129
Peseux,46.9921,5.36708
Epesses,46.4913262,6.7475919
Orges,48.0808345,4.9288745
Fahy,47.4184563,6.9505047
Pleujouse,47.4122188,7.2119036
Berg (TG),47.5771282,9.1730769
Préverenges,46.5183844,6.5267369
Valcolla,46.096257,9.048291
Grüsch,46.9791866,9.6471438
Mathod,46.7667908,6.5647296
Mex (VS),46.1850188,6.9999526
Epiquerez,47.3285359,7.05653
Renens,46.5349093,6.5928442
Bellerive VD,46.9237676,7.0231892
Cerentino,46.3055145,8.5466526
Miège,46.3111768,7.5473724
Veysonnaz,46.1955082,7.3363267
Morbio Superiore,45.8614577,9.0205616
Tobel-Tägerschen,47.51032635,9.026264696871335
Linn,38.4858749,-91.8504515
Oppens,46.714312,6.6923429
Cheseaux-sur-Lausanne,46.5854324,6.6061393
Disentis/Mustér,46.7041748,8.8549785
Montsevelier,47.3598883,7.510694388985991
Treycovagnes,46.7738784,6.6092758
Bignasco,46.3397342,8.6085558
Capriasca,46.0673692,8.9714894
Untersiggenthal,47.4992019,8.2574722
Auw,47.2116635,8.364871
Kemmental,47.6163184,9.1549884
Chavannes-le-Chêne,46.7768814,6.7780279
Les Breuleux,47.2115671,7.0054836
Auvernier,46.976104199999995,6.8741475002697285
Ennetbaden,47.4785764,8.3153871
Château-d'Oex,46.45413585,7.139904355651156
Cressier (NE),47.0508386,7.0357396
Rossura,46.475747,8.8252655
L'Aquila,42.3489203,13.3979672
Cabbio,45.8981053,9.046203
Villnachern,47.4722417,8.160523
Lully (VD),46.5052587,6.4647302
Tschiertschen,46.8173936,9.6066499
Villars-Bramard,46.7191779,6.8989641
Zeneggen,46.2731779,7.8656201
Lens,50.4291723,2.8319805
Lugaggia,46.0624046,8.9729427
Granges-près-Marnand,46.7644219,6.8864746
Veytaux,46.4215725,6.9275648
Val-d'Illiez,46.204027,6.8927881
Bullet,46.8309314,6.5546431
Brunegg,47.4192416,8.21637
Aranno,46.0171502,8.8700541
Muzzano,45.560762,7.988919
Vergeletto,46.2266412,8.6024616
Courchavon,47.4407708,7.0570937
Sullens,46.5931372,6.5661454
Rietheim-Weilheim,48.0391822,8.7806127
Carrouge (VD),46.6044706,6.7755538
Filet,46.3592619,8.0498317
Roche-d'Or,47.3668809,6.9540107
Pianezzo,46.1689532,9.029512
Marnand,46.035398,4.3286707
Mülligen,47.457194,8.2402149
Villiers,46.8887119,1.1846996
Oberkulm,47.2989191,8.1216116
Villars-le-Grand,46.9055732,6.9902145
Novazzano,45.8421175,8.9802304
Puplinge,46.2106389,6.231707
Peyres-Possens,46.6625985,6.707191
Ecoteaux,46.5455062,6.8632391
Gränichen,47.3592835,8.0971009
Nyon,46.3820585,6.2402791
Cureglia,46.0373157,8.9445412
Sarzens,46.6820356,6.8496603
Linescio,46.3082283,8.5834299
Montcherand,46.7330803,6.5102099
Suchy,46.7232325,6.5994077
Grandvaux,46.5099808,4.2649931
Lamone,46.044713,8.9325447
Courrendlin,47.3392989,7.3735698
Inden,50.8629537,6.3679576
Moiry,49.59187,5.27575
Saint-Brais,47.3053022,7.1125855
Miécourt,47.4270918,7.1747627
Arzier-Le Muids,46.4599808,6.208069
Belmont-sur-Yverdon,46.7454798,6.6241604
Rovray,46.784944,6.7644164
La Chaux-du-Milieu,47.0135381,6.7030562
Romanshorn,47.5654452,9.3776036
Termen,46.3283973,8.0227013
Grandson,46.8086306,6.6417532
Bassins,46.464053,6.2316394
Mauraz,46.6054096,6.4227461
Correvon,46.7158142,6.7373666
Les Ponts-de-Martel,46.9990848,6.7317108
Dardagny,46.1947568,5.9949629
Remigen,47.5164278,8.1903933
Egnach,47.5432155,9.3814541
Isone,46.1291562,8.9852131
Cheseaux-Noréaz,46.7820326,6.6718258
Saint-Cierges,46.6903286,6.7349556
Gallenkirch,47.4793327,8.1249307
Ronco sopra Ascona,46.1433367,8.7263426
Vermes,47.31948235,7.49482112751775
Benzenschwil,47.2480066,8.3640314
Würenlingen,47.5320878,8.2569618
Herznach,47.4733714,8.0502339
Chêne-Bourg,46.1942388,6.1934779
Vellerat,47.3191212,7.3710192
Vezia,46.0246543,8.936741
Vaux-sur-Morges,46.5353976,6.463827
Brione (Verzasca),46.2963757,8.7908609
Pampigny,46.58725905,6.42349640207606
Altnau,47.61241,9.260705
Arogno,45.9596383,8.9865107
Vaugondry,46.8481759,6.63677381986095
Kallern,47.317089,8.2952953
Yvorne,46.3317116,6.9586852
Vouvry,46.3372451,6.8887175
Vogorno,46.2245682,8.8559908
Forel-sur-Lucens,46.7282576,6.8222876
Rancate,45.8705975,8.9678459
Romanel-sur-Lausanne,46.5621173,6.6055577
Longirod,46.4943826,6.2581282
Saas-Grund,46.1278436,7.9370051
Port-Valais,46.3720663,6.862287669574162
Hefenhofen,47.5589933,9.3067983
Grancia,45.9675278,8.9280956
Cavigliano,46.184668,8.7190661
Echallens,46.6381163,6.6346951
Senarclens,46.6004691,6.4868169
Meride,45.8905035,8.953433
Valangin,47.0158507,6.9072693
Porza,46.0270734,8.9534436
Les Hauts-Geneveys,47.05291535,6.856180959228031
Hornussen,47.5005311,8.0633909
Pailly,48.3515712,3.3229016
Liddes,45.9917015,7.1865245
Astana,51.1282205,71.4306682
Saint-Sulpice,46.5100832,6.5580607
Jussy,49.7201,3.2309
Arbedo-Castione,46.20747145,9.071217516079448
Grimentz,46.1802947,7.573834
Damvant,47.3721858,6.8971653
Cœuve,47.454155,7.0975919
Dalpe,46.4731184,8.7748127
Seleute,47.3663624,7.1132195
Sirnach,47.461402,8.9934296
Develier,47.3567272,7.2910721
Rossens VD,46.7354686,6.921761
Epauvillers,47.3352462,7.1160018
Siglistorf,47.5444981,8.3796923
Genolier,46.4350251,6.2178235
Villars-le-Comte,46.7106452,6.7990287
Prévonloup,46.699867,6.8820157
Schiers,46.9689315,9.6900481
Gossens,46.738321,6.699106
Saint-Blaise,46.0647356,6.0889634
Locarno,46.1695739,8.7954859
Ittenthal,47.5185215,8.0592609
Bolzano - Bozen,46.4984781,11.3547399
Castel San Pietro,45.8616254,9.0085121
Cademario,46.0211947,8.8942577
Yens,46.518837,6.4180806
Saxel,46.2431297,6.3953618
Evolène,46.1129048,7.4958022
Missy,49.1211062,-0.5513502
Mollens (VS),46.3153818,7.5201068
Umiken,47.482462,8.1893151
Tannay,49.5259433,4.830872855750216
Hilfikon,47.3319831,8.2468223
Schafisheim,47.3781151,8.143202
Avully,46.1695458,6.0013516
Wuppenau,47.4965366,9.1087005
Cugy,46.5842947,6.6404485
Camignolo,46.1056275,8.9347603
Valeyres-sous-Rances,46.7528278,6.5249548
Leuggern,47.5798217,8.217218
Fontenais,47.3893866,7.076176357620085
Stetten,47.3994584,8.3074009
Birrwil,47.2903395,8.1965202
Bottenwil,47.2854555,8.0052577
Münchwilen,47.5379513,7.9629997
Amriswil,47.5500227,9.2981219
Vallamand,46.9299746,7.0400809
Bursins,46.4515535,6.2906369
Neuchâtel,46.9895828,6.9292641
Wängi,47.496703,8.9533301
Windisch,47.4793472,8.2179918
Möriken-Wildegg,47.4153808,8.1636356
Curio,46.0020181,8.8631128
Lutry,46.5032766,6.6867879
Châtillens,46.5622398,6.806093217538695
Champéry,46.1756791,6.8687665
Féchy,46.4786555,6.3747532
Couvet,46.9261639,6.6343244
Burg,47.2352641,8.1786611
Brusino Arsizio,45.9271834,8.9374894
Leukerbad,46.3793158,7.6267416
Veyrier,46.1668163,6.185681
Servion,46.5767948,6.7845039
Signy-Avenex,46.3907229,6.2018023
La Chaux (Cossonay),46.61604,6.472555
Essert-Pittet,46.7276519,6.5821566
Bister,46.3625983,8.0664825
Thundorf,47.5455851,8.9636338
Montalchez,46.8975698,6.7445526
L'Abbaye,46.6492716,6.3186169
Pully,46.5098019,6.6617476
Montignez,47.4869761,7.0582598
Poliez-le-Grand,46.637758,6.663604
Zeiningen,47.5414438,7.8716277
Stříbro,49.7556926,12.98820565209418
Dully,46.4304617,6.2957383
Rances,48.466775,4.5466464
Assens,55.265798,9.9002174
Ollon,46.2972426,6.9950257
Campo (Blenio),46.5570568,8.9353766
Mervelier,47.343821,7.4984971
Montherod,46.4985819,6.3660069
Ormont-Dessous,46.374411499999994,7.072978985568091
Premier,37.4223352,-81.6437197
Saint-Prex,46.4809059,6.4586004
Bassecourt,47.3380057,7.2399967281483555
Embd,46.215848,7.8283567
Ocourt,47.3513888,7.0775968
Savièse,46.2535351,7.3477598
Juriens,46.6911431,6.4500103
Undervelier,47.3015483,7.216319259096268
Jenins,47.0013303,9.5578327
Anières,46.2760802,6.2234115
Preonzo,46.265021,9.0004121
Schneisingen,47.5184104,8.364545
Gnosca,46.2324196,9.0221789
Naters,46.3242659,7.9884511
Saas-Fee,46.107342,7.9247055
Widen,47.369628,8.3595132
Soubey,47.3082434,7.0486468
Constantine,36.364519,6.60826
Bürchen,48.498905,12.7603477
Brissago,46.1200663,8.7121456
Canobbio,46.0349781,8.9670996
Ligornetto,45.8623054,8.9524612
Combremont-le-Grand,46.7619853,6.8180582
Sembrancher,46.0784832,7.1517153
Arnex-sur-Nyon,46.3759907,6.1913819
Rümikon,47.5032332,8.7831448
Mosogno,46.1984704,8.639848
Tegna,46.1865051,8.7431483
Fully,46.1390008,7.1146544
Villars-sous-Champvent,46.7851722,6.584503883919724
Chippis,46.2805414,7.5406261
Mollens (VD),46.577232,6.3634849
Croy,46.6945678,6.4771721
Curtilles,46.7005524,6.8486858
Niedergesteln,46.3130055,7.7818042
Cernier,47.0768872,6.893812942278821
Maroggia,46.181399,9.704272
Leutwil,47.3095034,8.1731304
Schmiedrued,47.270044,8.103455
Minusio,46.1755251,8.8118196
Mezzovico-Vira,46.09679765,8.91329815757025
Uezwil,47.3171905,8.2758947
Lengnau,47.521079,8.3301378
Gontenschwil,47.2724829,8.1452923
Villars-le-Terroir,46.6569364,6.6387429
Bodio,46.3794364,8.9105754
Prilly,46.534566,6.6055827
Saulcy,48.2775865,4.8339734
Villars-Epeney,46.7817278,6.6969935
Cologny,46.2163962,6.1817613
Corcelles-près-Payerne,46.8331849,6.9614432
Bettens,46.6275904,6.5770883
Sottens,46.6554824,6.7421506
Sion,43.73903,0.00822
Faido,46.4780735,8.8005039
Collonges,46.1376178,5.903413
Dizy,49.06457,3.96608
Gerra,46.1221826,8.7837968
Güttingen,47.7723234,8.9903648
Vallorbe,46.7120146,6.3792318
Bellinzona,46.1920538,9.0205888
Münsterlingen,47.631287,9.2329998
Corcelles-près-Concise,46.8480696,6.7079314
Perly-Certoux,46.1573225,6.0917899
Zufikon,47.3483234,8.3580094
Massongex,46.2427711,6.9879674
Vaumarcus,46.8772258,6.7525002
Villars-Sainte-Croix,46.5675877,6.5616074
Donatyre,46.8764735,7.0576639
Syens,46.6456578,6.7782652
Paudex,46.5056892,6.6732336
Schwaderloch,47.5853969,8.1435346
Perroy,47.3987984,3.1590234
Calpiogna,46.487003,8.8050249
Sant'Abbondio,46.1099875,8.7729769
Wohlen,47.3504945,8.2786906
La Rippe,46.3814959,6.1516031
Wittnau,47.9462735,7.814375
Staldenried,46.2296157,7.8833886
Caviano,46.107495,8.7667854
Salvan,46.1219825,7.0208326
Oulens-sur-Lucens,46.70695155,6.814389757285666
Lajoux (JU),47.2790114,7.1359592
Onex,46.1836866,6.1001084
Saint-Légier-La Chiésaz,46.4722777,6.8759701
Ogens,46.7111659,6.7227737
Vuibroye,46.5717416,6.8052936
Châtillon (JU),47.3275306,7.3437721
Ferreyres,46.6577788,6.4860425
Sugnens,46.6549732,6.6718853
Riederalp,46.3782021,8.0334815
Onsernone,46.2226505,8.60169752102109
Praden,46.8240929,9.5815612
Grandcour,46.8718747,6.928747
Coffrane,47.0102772,6.8606541
Anzonico,46.4315126,8.8620578
Zwischbergen,46.1621804,8.1164859
Sagno,45.8569556,9.0389091
Schöftland,47.3054517,8.0527946
Aarburg,47.3206417,7.8993599
Saubraz,46.5145609,6.3302084
Moosleerau,47.2692107,8.0631076
Pompaples,46.6666443,6.5106833
Rickenbach (TG),47.447773,9.050699
Beinwil am See,47.2664506,8.2027093
Savosa,46.0181215,8.9411402
Villars-sous-Yens,46.5102444,6.4286538
Puri,19.8076083,85.8252538
Grone,45.727504,9.9112023
Osogna,46.311565,8.9873524
Gottlieben,47.6640263,9.1343895
Mandach,47.5468415,8.185889
Beurnevésin,47.4924898,7.1363556
Bischofszell,47.4937698,9.2409168
Hermance,46.3021881,6.2437346
Killwangen,47.4315553,8.3518766
Chavannes-près-Renens,46.5285212,6.5726698
Vucherens,46.624684,6.7769649
Orzens,46.7239217,6.6830459
Étueffont,47.723257,6.9228236
Vufflens-le-Château,46.5264596,6.4690909
Oberehrendingen,47.4936534,8.3422279
Jongny,46.4788533,6.8418378
Safenwil,47.3187392,7.9841811
Eggerberg,46.3064931,7.8780148
Wigoltingen,47.5967195,9.0320675
Buchs (AG),47.3910322,8.0692413
Démoret,46.7466929,6.7570249
Chesalles-sur-Oron,46.57384595,6.854886676601202
Visperterminen,46.2589888,7.9030118
Salmsach,47.5536187,9.3718492
Birrhard,47.4326965,8.24414
Dompierre (VD),46.7081899,6.8835369
Rueyres,44.7480871,1.8463514
Untervaz,46.9285657,9.5348195
Villars-Tiercelin,46.6253713,6.7045253
Steckborn,47.6653429,8.9815246
Monnaz,46.5286626,6.4794327
Magliaso,45.9818185,8.8885442
Chamoson,46.2013342,7.2232538
Prahins,46.7347103,6.7398561
Bovernier,46.0799974,7.0868391
Bogno,46.0899437,9.0628288
Cresciano,46.2807698,9.0054648
Sorengo,46.0005701,8.9351621
Collombey-Muraz,46.2869562,6.924639906183545
Bursinel,46.438423,6.3053467
Hirschthal,49.0493305,7.7562584
Coinsins,46.4245995,6.2359205
Spreitenbach,47.4182444,8.3640342
Niederlenz,47.4019522,8.1757198
Les Planchettes,49.2011867,1.6655775602364455
Ardon,46.7739133,5.8881355
Cronay,46.7571842,6.6966405
Muggiò,45.5931952,9.2271378
Cottens (VD),46.5718814,6.4547941
Glovelier,47.3238184,7.18565314099553
Eschlikon,47.4626951,8.957156
Gland,49.0488889,3.4630556
Travers,46.9413309,6.6763617
Le Vaud,46.4774891,6.2355007
Elfingen,47.5072011,8.0990017
Koblenz,50.3533278,7.5943951
L'Isle,46.6187582,6.411704
Mühlau,50.9000048,12.7666865
Kreuzlingen,47.6464362,9.1725621
Malix,46.8118703,9.5313669
Mörel,54.1126171,9.7317289
Bruzella,45.8814847,9.0362137
Goumoens-le-Jux,46.6698176,6.588733098301283
Seengen,47.3252906,8.2079184
Apples,46.55556845,6.418706621424579
Bratsch,46.3206475,7.7072693
Maggia,46.2470459,8.7066782
Tägerig,47.4049121,8.2775537
Küttigen,47.4194538,8.0432568
Ursins,46.734894,6.668296
Laconnex,46.155596,6.0360307
Chavornay,45.8808109,5.728951924496879
Ried-Brig,46.3150269,8.0166829
Riom-Parsonz,46.611,9.575
Oberhofen (AG),47.55463,8.13331
Tinizong-Rona,46.583334,9.61667
Obererlinsbach,47.406941,8.006947
St. Antönien Ascharina,46.949997,9.800005
Nesslau-Krummenau,47.225,9.200004
Klosters-Serneus,46.883334,9.883339
Surauna,46.699992,9.183335
Schwanden (GL),46.994436,9.074165
Villaz-Saint-Pierre,46.719998,6.956669
Niedererlinsbach,47.398605,8.008341
Rohr (AG),47.4045,8.08734
Unterbözberg,47.48341,8.15703
Casti-Wergenstein,46.625,9.42
Reckingen-Gluringen,46.465,8.237
Tüscherz-Alfermée,47.1127,7.1926
Gettnau,47.140551,7.969449
Thielle-Wavre,47.022227,7.030562
Willisau Stadt,47.120554,7.988886
Bibern (SO),47.147225,7.458348
Wiesen (GR),46.7047,9.71535
Willisau Land,47.116659,8.000007
Isorno,46.203,8.675
Rüti (GL),46.938047,9.016661
Rapperswil (SG),47.226665,8.818334
Münster-Geschinen,46.483326,8.249993
Heinrichswil-Winistorf,47.157779,7.636123
Niederried bei Kallnach,47.0125,7.251392